,FL_DATE,ORIGIN_AIRPORT_ID,ORIGIN,ORIGIN_CITY_NAME,ORIGIN_STATE_NM,DEST_AIRPORT_ID,DEST,DEST_CITY_NAME,DEST_STATE_NM,DEP_DELAY_NEW,DEP_DEL15,ARR_DELAY_NEW,ARR_DEL15,CANCELLED,WEATHER_DELAY,IATA_CODE,AIRPORT,CITY,STATE,COUNTRY,LATITUDE,LONGITUDE,WEATHER DATA,TIME,WEATHER_CODE,TEMPERATURE_2M_MEAN,TEMPERATURE_2M_MAX,TEMPERATURE_2M_MIN,APPARENT_TEMPERATURE_MEAN,APPARENT_TEMPERATURE_MAX,APPARENT_TEMPERATURE_MIN,WIND_SPEED_10M_MAX,WIND_GUSTS_10M_MAX,WIND_DIRECTION_10M_DOMINANT,SHORTWAVE_RADIATION_SUM,ET0_FAO_EVAPOTRANSPIRATION,SUNRISE,SUNSET,DAYLIGHT_DURATION,SUNSHINE_DURATION,PRECIPITATION_SUM,RAIN_SUM,SNOWFALL_SUM,PRECIPITATION_HOURS
0,01/01/2025 00:00,10135,ABE,"Allentown/Bethlehem/Easton, PA",Pennsylvania,11057,CLT,"Charlotte, NC",North Carolina,0.0,0.0,0.0,0.0,0,,ABE,Lehigh Valley International Airport,Allentown,PA,USA,40.65236,-75.4404,"{'latitude': 40.667835, 'longitude': -75.46744, 'generationtime_ms': 0.8109807968139648, 'utc_offset_seconds': -14400, 'timezone': 'America/New_York', 'timezone_abbreviation': 'GMT-4', 'elevation': 117.0, 'daily_units': {'time': 'iso8601', 'weather_code': 'wmo code', 'temperature_2m_mean': '°C', 'temperature_2m_max': '°C', 'temperature_2m_min': '°C', 'apparent_temperature_mean': '°C', 'apparent_temperature_max': '°C', 'apparent_temperature_min': '°C', 'wind_speed_10m_max': 'km/h', 'wind_gusts_10m_max': 'km/h', 'wind_direction_10m_dominant': '°', 'shortwave_radiation_sum': 'MJ/m²', 'et0_fao_evapotranspiration': 'mm', 'sunrise': 'iso8601', 'sunset': 'iso8601', 'daylight_duration': 's', 'sunshine_duration': 's', 'precipitation_sum': 'mm', 'rain_sum': 'mm', 'snowfall_sum': 'cm', 'precipitation_hours': 'h'}, 'daily': {'time': ['2025-01-01'], 'weather_code': [61], 'temperature_2m_mean': [5.2], 'temperature_2m_max': [7.3], 'temperature_2m_min': [2.5], 'apparent_temperature_mean': [0.7], 'apparent_temperature_max': [5.0], 'apparent_temperature_min': [-3.6], 'wind_speed_10m_max': [28.5], 'wind_gusts_10m_max': [59.4], 'wind_direction_10m_dominant': [280], 'shortwave_radiation_sum': [4.57], 'et0_fao_evapotranspiration': [1.04], 'sunrise': ['2025-01-01T08:25'], 'sunset': ['2025-01-01T17:45'], 'daylight_duration': [33583.39], 'sunshine_duration': [14673.75], 'precipitation_sum': [2.8], 'rain_sum': [2.8], 'snowfall_sum': [0.0], 'precipitation_hours': [2.0]}}",2025-01-01,61,5.2,7.3,2.5,0.7,5.0,-3.6,28.5,59.4,280,4.57,1.04,2025-01-01T08:25,2025-01-01T17:45,33583.39,14673.75,2.8,2.8,0.0,2.0
1,01/01/2025 00:00,10135,ABE,"Allentown/Bethlehem/Easton, PA",Pennsylvania,11057,CLT,"Charlotte, NC",North Carolina,0.0,0.0,0.0,0.0,0,,ABE,Lehigh Valley International Airport,Allentown,PA,USA,40.65236,-75.4404,"{'latitude': 40.667835, 'longitude': -75.46744, 'generationtime_ms': 0.7179975509643555, 'utc_offset_seconds': -14400, 'timezone': 'America/New_York', 'timezone_abbreviation': 'GMT-4', 'elevation': 117.0, 'daily_units': {'time': 'iso8601', 'weather_code': 'wmo code', 'temperature_2m_mean': '°C', 'temperature_2m_max': '°C', 'temperature_2m_min': '°C', 'apparent_temperature_mean': '°C', 'apparent_temperature_max': '°C', 'apparent_temperature_min': '°C', 'wind_speed_10m_max': 'km/h', 'wind_gusts_10m_max': 'km/h', 'wind_direction_10m_dominant': '°', 'shortwave_radiation_sum': 'MJ/m²', 'et0_fao_evapotranspiration': 'mm', 'sunrise': 'iso8601', 'sunset': 'iso8601', 'daylight_duration': 's', 'sunshine_duration': 's', 'precipitation_sum': 'mm', 'rain_sum': 'mm', 'snowfall_sum': 'cm', 'precipitation_hours': 'h'}, 'daily': {'time': ['2025-01-01'], 'weather_code': [61], 'temperature_2m_mean': [5.2], 'temperature_2m_max': [7.3], 'temperature_2m_min': [2.5], 'apparent_temperature_mean': [0.7], 'apparent_temperature_max': [5.0], 'apparent_temperature_min': [-3.6], 'wind_speed_10m_max': [28.5], 'wind_gusts_10m_max': [59.4], 'wind_direction_10m_dominant': [280], 'shortwave_radiation_sum': [4.57], 'et0_fao_evapotranspiration': [1.04], 'sunrise': ['2025-01-01T08:25'], 'sunset': ['2025-01-01T17:45'], 'daylight_duration': [33583.39], 'sunshine_duration': [14673.75], 'precipitation_sum': [2.8], 'rain_sum': [2.8], 'snowfall_sum': [0.0], 'precipitation_hours': [2.0]}}",2025-01-01,61,5.2,7.3,2.5,0.7,5.0,-3.6,28.5,59.4,280,4.57,1.04,2025-01-01T08:25,2025-01-01T17:45,33583.39,14673.75,2.8,2.8,0.0,2.0
2,01/01/2025 00:00,10135,ABE,"Allentown/Bethlehem/Easton, PA",Pennsylvania,11057,CLT,"Charlotte, NC",North Carolina,0.0,0.0,0.0,0.0,0,,ABE,Lehigh Valley International Airport,Allentown,PA,USA,40.65236,-75.4404,"{'latitude': 40.667835, 'longitude': -75.46744, 'generationtime_ms': 0.15676021575927734, 'utc_offset_seconds': -14400, 'timezone': 'America/New_York', 'timezone_abbreviation': 'GMT-4', 'elevation': 117.0, 'daily_units': {'time': 'iso8601', 'weather_code': 'wmo code', 'temperature_2m_mean': '°C', 'temperature_2m_max': '°C', 'temperature_2m_min': '°C', 'apparent_temperature_mean': '°C', 'apparent_temperature_max': '°C', 'apparent_temperature_min': '°C', 'wind_speed_10m_max': 'km/h', 'wind_gusts_10m_max': 'km/h', 'wind_direction_10m_dominant': '°', 'shortwave_radiation_sum': 'MJ/m²', 'et0_fao_evapotranspiration': 'mm', 'sunrise': 'iso8601', 'sunset': 'iso8601', 'daylight_duration': 's', 'sunshine_duration': 's', 'precipitation_sum': 'mm', 'rain_sum': 'mm', 'snowfall_sum': 'cm', 'precipitation_hours': 'h'}, 'daily': {'time': ['2025-01-01'], 'weather_code': [61], 'temperature_2m_mean': [5.2], 'temperature_2m_max': [7.3], 'temperature_2m_min': [2.5], 'apparent_temperature_mean': [0.7], 'apparent_temperature_max': [5.0], 'apparent_temperature_min': [-3.6], 'wind_speed_10m_max': [28.5], 'wind_gusts_10m_max': [59.4], 'wind_direction_10m_dominant': [280], 'shortwave_radiation_sum': [4.57], 'et0_fao_evapotranspiration': [1.04], 'sunrise': ['2025-01-01T08:25'], 'sunset': ['2025-01-01T17:45'], 'daylight_duration': [33583.39], 'sunshine_duration': [14673.75], 'precipitation_sum': [2.8], 'rain_sum': [2.8], 'snowfall_sum': [0.0], 'precipitation_hours': [2.0]}}",2025-01-01,61,5.2,7.3,2.5,0.7,5.0,-3.6,28.5,59.4,280,4.57,1.04,2025-01-01T08:25,2025-01-01T17:45,33583.39,14673.75,2.8,2.8,0.0,2.0
3,01/01/2025 00:00,10135,ABE,"Allentown/Bethlehem/Easton, PA",Pennsylvania,14082,PGD,"Punta Gorda, FL",Florida,0.0,0.0,0.0,0.0,0,,ABE,Lehigh Valley International Airport,Allentown,PA,USA,40.65236,-75.4404,"{'latitude': 40.667835, 'longitude': -75.46744, 'generationtime_ms': 0.5412101745605469, 'utc_offset_seconds': -14400, 'timezone': 'America/New_York', 'timezone_abbreviation': 'GMT-4', 'elevation': 117.0, 'daily_units': {'time': 'iso8601', 'weather_code': 'wmo code', 'temperature_2m_mean': '°C', 'temperature_2m_max': '°C', 'temperature_2m_min': '°C', 'apparent_temperature_mean': '°C', 'apparent_temperature_max': '°C', 'apparent_temperature_min': '°C', 'wind_speed_10m_max': 'km/h', 'wind_gusts_10m_max': 'km/h', 'wind_direction_10m_dominant': '°', 'shortwave_radiation_sum': 'MJ/m²', 'et0_fao_evapotranspiration': 'mm', 'sunrise': 'iso8601', 'sunset': 'iso8601', 'daylight_duration': 's', 'sunshine_duration': 's', 'precipitation_sum': 'mm', 'rain_sum': 'mm', 'snowfall_sum': 'cm', 'precipitation_hours': 'h'}, 'daily': {'time': ['2025-01-01'], 'weather_code': [61], 'temperature_2m_mean': [5.2], 'temperature_2m_max': [7.3], 'temperature_2m_min': [2.5], 'apparent_temperature_mean': [0.7], 'apparent_temperature_max': [5.0], 'apparent_temperature_min': [-3.6], 'wind_speed_10m_max': [28.5], 'wind_gusts_10m_max': [59.4], 'wind_direction_10m_dominant': [280], 'shortwave_radiation_sum': [4.57], 'et0_fao_evapotranspiration': [1.04], 'sunrise': ['2025-01-01T08:25'], 'sunset': ['2025-01-01T17:45'], 'daylight_duration': [33583.39], 'sunshine_duration': [14673.75], 'precipitation_sum': [2.8], 'rain_sum': [2.8], 'snowfall_sum': [0.0], 'precipitation_hours': [2.0]}}",2025-01-01,61,5.2,7.3,2.5,0.7,5.0,-3.6,28.5,59.4,280,4.57,1.04,2025-01-01T08:25,2025-01-01T17:45,33583.39,14673.75,2.8,2.8,0.0,2.0
4,01/01/2025 00:00,10135,ABE,"Allentown/Bethlehem/Easton, PA",Pennsylvania,14112,PIE,"St. Petersburg, FL",Florida,0.0,0.0,0.0,0.0,0,,ABE,Lehigh Valley International Airport,Allentown,PA,USA,40.65236,-75.4404,"{'latitude': 40.667835, 'longitude': -75.46744, 'generationtime_ms': 0.5091428756713867, 'utc_offset_seconds': -14400, 'timezone': 'America/New_York', 'timezone_abbreviation': 'GMT-4', 'elevation': 117.0, 'daily_units': {'time': 'iso8601', 'weather_code': 'wmo code', 'temperature_2m_mean': '°C', 'temperature_2m_max': '°C', 'temperature_2m_min': '°C', 'apparent_temperature_mean': '°C', 'apparent_temperature_max': '°C', 'apparent_temperature_min': '°C', 'wind_speed_10m_max': 'km/h', 'wind_gusts_10m_max': 'km/h', 'wind_direction_10m_dominant': '°', 'shortwave_radiation_sum': 'MJ/m²', 'et0_fao_evapotranspiration': 'mm', 'sunrise': 'iso8601', 'sunset': 'iso8601', 'daylight_duration': 's', 'sunshine_duration': 's', 'precipitation_sum': 'mm', 'rain_sum': 'mm', 'snowfall_sum': 'cm', 'precipitation_hours': 'h'}, 'daily': {'time': ['2025-01-01'], 'weather_code': [61], 'temperature_2m_mean': [5.2], 'temperature_2m_max': [7.3], 'temperature_2m_min': [2.5], 'apparent_temperature_mean': [0.7], 'apparent_temperature_max': [5.0], 'apparent_temperature_min': [-3.6], 'wind_speed_10m_max': [28.5], 'wind_gusts_10m_max': [59.4], 'wind_direction_10m_dominant': [280], 'shortwave_radiation_sum': [4.57], 'et0_fao_evapotranspiration': [1.04], 'sunrise': ['2025-01-01T08:25'], 'sunset': ['2025-01-01T17:45'], 'daylight_duration': [33583.39], 'sunshine_duration': [14673.75], 'precipitation_sum': [2.8], 'rain_sum': [2.8], 'snowfall_sum': [0.0], 'precipitation_hours': [2.0]}}",2025-01-01,61,5.2,7.3,2.5,0.7,5.0,-3.6,28.5,59.4,280,4.57,1.04,2025-01-01T08:25,2025-01-01T17:45,33583.39,14673.75,2.8,2.8,0.0,2.0
5,01/01/2025 00:00,10135,ABE,"Allentown/Bethlehem/Easton, PA",Pennsylvania,14761,SFB,"Sanford, FL",Florida,0.0,0.0,0.0,0.0,0,,ABE,Lehigh Valley International Airport,Allentown,PA,USA,40.65236,-75.4404,"{'latitude': 40.667835, 'longitude': -75.46744, 'generationtime_ms': 0.5993843078613281, 'utc_offset_seconds': -14400, 'timezone': 'America/New_York', 'timezone_abbreviation': 'GMT-4', 'elevation': 117.0, 'daily_units': {'time': 'iso8601', 'weather_code': 'wmo code', 'temperature_2m_mean': '°C', 'temperature_2m_max': '°C', 'temperature_2m_min': '°C', 'apparent_temperature_mean': '°C', 'apparent_temperature_max': '°C', 'apparent_temperature_min': '°C', 'wind_speed_10m_max': 'km/h', 'wind_gusts_10m_max': 'km/h', 'wind_direction_10m_dominant': '°', 'shortwave_radiation_sum': 'MJ/m²', 'et0_fao_evapotranspiration': 'mm', 'sunrise': 'iso8601', 'sunset': 'iso8601', 'daylight_duration': 's', 'sunshine_duration': 's', 'precipitation_sum': 'mm', 'rain_sum': 'mm', 'snowfall_sum': 'cm', 'precipitation_hours': 'h'}, 'daily': {'time': ['2025-01-01'], 'weather_code': [61], 'temperature_2m_mean': [5.2], 'temperature_2m_max': [7.3], 'temperature_2m_min': [2.5], 'apparent_temperature_mean': [0.7], 'apparent_temperature_max': [5.0], 'apparent_temperature_min': [-3.6], 'wind_speed_10m_max': [28.5], 'wind_gusts_10m_max': [59.4], 'wind_direction_10m_dominant': [280], 'shortwave_radiation_sum': [4.57], 'et0_fao_evapotranspiration': [1.04], 'sunrise': ['2025-01-01T08:25'], 'sunset': ['2025-01-01T17:45'], 'daylight_duration': [33583.39], 'sunshine_duration': [14673.75], 'precipitation_sum': [2.8], 'rain_sum': [2.8], 'snowfall_sum': [0.0], 'precipitation_hours': [2.0]}}",2025-01-01,61,5.2,7.3,2.5,0.7,5.0,-3.6,28.5,59.4,280,4.57,1.04,2025-01-01T08:25,2025-01-01T17:45,33583.39,14673.75,2.8,2.8,0.0,2.0
6,01/01/2025 00:00,10136,ABI,"Abilene, TX",Texas,11298,DFW,"Dallas/Fort Worth, TX",Texas,0.0,0.0,0.0,0.0,0,,ABI,Abilene Regional Airport,Abilene,TX,USA,32.41132,-99.6819,"{'latitude': 32.442883, 'longitude': -99.7327, 'generationtime_ms': 754.5270919799805, 'utc_offset_seconds': -18000, 'timezone': 'America/Chicago', 'timezone_abbreviation': 'GMT-5', 'elevation': 544.0, 'daily_units': {'time': 'iso8601', 'weather_code': 'wmo code', 'temperature_2m_mean': '°C', 'temperature_2m_max': '°C', 'temperature_2m_min': '°C', 'apparent_temperature_mean': '°C', 'apparent_temperature_max': '°C', 'apparent_temperature_min': '°C', 'wind_speed_10m_max': 'km/h', 'wind_gusts_10m_max': 'km/h', 'wind_direction_10m_dominant': '°', 'shortwave_radiation_sum': 'MJ/m²', 'et0_fao_evapotranspiration': 'mm', 'sunrise': 'iso8601', 'sunset': 'iso8601', 'daylight_duration': 's', 'sunshine_duration': 's', 'precipitation_sum': 'mm', 'rain_sum': 'mm', 'snowfall_sum': 'cm', 'precipitation_hours': 'h'}, 'daily': {'time': ['2025-01-01'], 'weather_code': [3], 'temperature_2m_mean': [5.8], 'temperature_2m_max': [10.6], 'temperature_2m_min': [0.7], 'apparent_temperature_mean': [2.3], 'apparent_temperature_max': [7.3], 'apparent_temperature_min': [-2.6], 'wind_speed_10m_max': [13.0], 'wind_gusts_10m_max': [24.8], 'wind_direction_10m_dominant': [74], 'shortwave_radiation_sum': [12.83], 'et0_fao_evapotranspiration': [1.79], 'sunrise': ['2025-01-01T08:40'], 'sunset': ['2025-01-01T18:44'], 'daylight_duration': [36247.48], 'sunshine_duration': [32647.89], 'precipitation_sum': [0.0], 'rain_sum': [0.0], 'snowfall_sum': [0.0], 'precipitation_hours': [0.0]}}",2025-01-01,3,5.8,10.6,0.7,2.3,7.3,-2.6,13.0,24.8,74,12.83,1.79,2025-01-01T08:40,2025-01-01T18:44,36247.48,32647.89,0.0,0.0,0.0,0.0
7,01/01/2025 00:00,10136,ABI,"Abilene, TX",Texas,11298,DFW,"Dallas/Fort Worth, TX",Texas,0.0,0.0,0.0,0.0,0,,ABI,Abilene Regional Airport,Abilene,TX,USA,32.41132,-99.6819,"{'latitude': 32.442883, 'longitude': -99.7327, 'generationtime_ms': 0.5153417587280273, 'utc_offset_seconds': -18000, 'timezone': 'America/Chicago', 'timezone_abbreviation': 'GMT-5', 'elevation': 544.0, 'daily_units': {'time': 'iso8601', 'weather_code': 'wmo code', 'temperature_2m_mean': '°C', 'temperature_2m_max': '°C', 'temperature_2m_min': '°C', 'apparent_temperature_mean': '°C', 'apparent_temperature_max': '°C', 'apparent_temperature_min': '°C', 'wind_speed_10m_max': 'km/h', 'wind_gusts_10m_max': 'km/h', 'wind_direction_10m_dominant': '°', 'shortwave_radiation_sum': 'MJ/m²', 'et0_fao_evapotranspiration': 'mm', 'sunrise': 'iso8601', 'sunset': 'iso8601', 'daylight_duration': 's', 'sunshine_duration': 's', 'precipitation_sum': 'mm', 'rain_sum': 'mm', 'snowfall_sum': 'cm', 'precipitation_hours': 'h'}, 'daily': {'time': ['2025-01-01'], 'weather_code': [3], 'temperature_2m_mean': [5.8], 'temperature_2m_max': [10.6], 'temperature_2m_min': [0.7], 'apparent_temperature_mean': [2.3], 'apparent_temperature_max': [7.3], 'apparent_temperature_min': [-2.6], 'wind_speed_10m_max': [13.0], 'wind_gusts_10m_max': [24.8], 'wind_direction_10m_dominant': [74], 'shortwave_radiation_sum': [12.83], 'et0_fao_evapotranspiration': [1.79], 'sunrise': ['2025-01-01T08:40'], 'sunset': ['2025-01-01T18:44'], 'daylight_duration': [36247.48], 'sunshine_duration': [32647.89], 'precipitation_sum': [0.0], 'rain_sum': [0.0], 'snowfall_sum': [0.0], 'precipitation_hours': [0.0]}}",2025-01-01,3,5.8,10.6,0.7,2.3,7.3,-2.6,13.0,24.8,74,12.83,1.79,2025-01-01T08:40,2025-01-01T18:44,36247.48,32647.89,0.0,0.0,0.0,0.0
8,01/01/2025 00:00,10136,ABI,"Abilene, TX",Texas,11298,DFW,"Dallas/Fort Worth, TX",Texas,0.0,0.0,0.0,0.0,0,,ABI,Abilene Regional Airport,Abilene,TX,USA,32.41132,-99.6819,"{'latitude': 32.442883, 'longitude': -99.7327, 'generationtime_ms': 0.6150007247924805, 'utc_offset_seconds': -18000, 'timezone': 'America/Chicago', 'timezone_abbreviation': 'GMT-5', 'elevation': 544.0, 'daily_units': {'time': 'iso8601', 'weather_code': 'wmo code', 'temperature_2m_mean': '°C', 'temperature_2m_max': '°C', 'temperature_2m_min': '°C', 'apparent_temperature_mean': '°C', 'apparent_temperature_max': '°C', 'apparent_temperature_min': '°C', 'wind_speed_10m_max': 'km/h', 'wind_gusts_10m_max': 'km/h', 'wind_direction_10m_dominant': '°', 'shortwave_radiation_sum': 'MJ/m²', 'et0_fao_evapotranspiration': 'mm', 'sunrise': 'iso8601', 'sunset': 'iso8601', 'daylight_duration': 's', 'sunshine_duration': 's', 'precipitation_sum': 'mm', 'rain_sum': 'mm', 'snowfall_sum': 'cm', 'precipitation_hours': 'h'}, 'daily': {'time': ['2025-01-01'], 'weather_code': [3], 'temperature_2m_mean': [5.8], 'temperature_2m_max': [10.6], 'temperature_2m_min': [0.7], 'apparent_temperature_mean': [2.3], 'apparent_temperature_max': [7.3], 'apparent_temperature_min': [-2.6], 'wind_speed_10m_max': [13.0], 'wind_gusts_10m_max': [24.8], 'wind_direction_10m_dominant': [74], 'shortwave_radiation_sum': [12.83], 'et0_fao_evapotranspiration': [1.79], 'sunrise': ['2025-01-01T08:40'], 'sunset': ['2025-01-01T18:44'], 'daylight_duration': [36247.48], 'sunshine_duration': [32647.89], 'precipitation_sum': [0.0], 'rain_sum': [0.0], 'snowfall_sum': [0.0], 'precipitation_hours': [0.0]}}",2025-01-01,3,5.8,10.6,0.7,2.3,7.3,-2.6,13.0,24.8,74,12.83,1.79,2025-01-01T08:40,2025-01-01T18:44,36247.48,32647.89,0.0,0.0,0.0,0.0
9,01/01/2025 00:00,10136,ABI,"Abilene, TX",Texas,11298,DFW,"Dallas/Fort Worth, TX",Texas,0.0,0.0,0.0,0.0,0,,ABI,Abilene Regional Airport,Abilene,TX,USA,32.41132,-99.6819,"{'latitude': 32.442883, 'longitude': -99.7327, 'generationtime_ms': 0.6996393203735352, 'utc_offset_seconds': -18000, 'timezone': 'America/Chicago', 'timezone_abbreviation': 'GMT-5', 'elevation': 544.0, 'daily_units': {'time': 'iso8601', 'weather_code': 'wmo code', 'temperature_2m_mean': '°C', 'temperature_2m_max': '°C', 'temperature_2m_min': '°C', 'apparent_temperature_mean': '°C', 'apparent_temperature_max': '°C', 'apparent_temperature_min': '°C', 'wind_speed_10m_max': 'km/h', 'wind_gusts_10m_max': 'km/h', 'wind_direction_10m_dominant': '°', 'shortwave_radiation_sum': 'MJ/m²', 'et0_fao_evapotranspiration': 'mm', 'sunrise': 'iso8601', 'sunset': 'iso8601', 'daylight_duration': 's', 'sunshine_duration': 's', 'precipitation_sum': 'mm', 'rain_sum': 'mm', 'snowfall_sum': 'cm', 'precipitation_hours': 'h'}, 'daily': {'time': ['2025-01-01'], 'weather_code': [3], 'temperature_2m_mean': [5.8], 'temperature_2m_max': [10.6], 'temperature_2m_min': [0.7], 'apparent_temperature_mean': [2.3], 'apparent_temperature_max': [7.3], 'apparent_temperature_min': [-2.6], 'wind_speed_10m_max': [13.0], 'wind_gusts_10m_max': [24.8], 'wind_direction_10m_dominant': [74], 'shortwave_radiation_sum': [12.83], 'et0_fao_evapotranspiration': [1.79], 'sunrise': ['2025-01-01T08:40'], 'sunset': ['2025-01-01T18:44'], 'daylight_duration': [36247.48], 'sunshine_duration': [32647.89], 'precipitation_sum': [0.0], 'rain_sum': [0.0], 'snowfall_sum': [0.0], 'precipitation_hours': [0.0]}}",2025-01-01,3,5.8,10.6,0.7,2.3,7.3,-2.6,13.0,24.8,74,12.83,1.79,2025-01-01T08:40,2025-01-01T18:44,36247.48,32647.89,0.0,0.0,0.0,0.0
10,01/01/2025 00:00,10136,ABI,"Abilene, TX",Texas,11298,DFW,"Dallas/Fort Worth, TX",Texas,0.0,0.0,0.0,0.0,0,,ABI,Abilene Regional Airport,Abilene,TX,USA,32.41132,-99.6819,"{'latitude': 32.442883, 'longitude': -99.7327, 'generationtime_ms': 0.5680322647094727, 'utc_offset_seconds': -18000, 'timezone': 'America/Chicago', 'timezone_abbreviation': 'GMT-5', 'elevation': 544.0, 'daily_units': {'time': 'iso8601', 'weather_code': 'wmo code', 'temperature_2m_mean': '°C', 'temperature_2m_max': '°C', 'temperature_2m_min': '°C', 'apparent_temperature_mean': '°C', 'apparent_temperature_max': '°C', 'apparent_temperature_min': '°C', 'wind_speed_10m_max': 'km/h', 'wind_gusts_10m_max': 'km/h', 'wind_direction_10m_dominant': '°', 'shortwave_radiation_sum': 'MJ/m²', 'et0_fao_evapotranspiration': 'mm', 'sunrise': 'iso8601', 'sunset': 'iso8601', 'daylight_duration': 's', 'sunshine_duration': 's', 'precipitation_sum': 'mm', 'rain_sum': 'mm', 'snowfall_sum': 'cm', 'precipitation_hours': 'h'}, 'daily': {'time': ['2025-01-01'], 'weather_code': [3], 'temperature_2m_mean': [5.8], 'temperature_2m_max': [10.6], 'temperature_2m_min': [0.7], 'apparent_temperature_mean': [2.3], 'apparent_temperature_max': [7.3], 'apparent_temperature_min': [-2.6], 'wind_speed_10m_max': [13.0], 'wind_gusts_10m_max': [24.8], 'wind_direction_10m_dominant': [74], 'shortwave_radiation_sum': [12.83], 'et0_fao_evapotranspiration': [1.79], 'sunrise': ['2025-01-01T08:40'], 'sunset': ['2025-01-01T18:44'], 'daylight_duration': [36247.48], 'sunshine_duration': [32647.89], 'precipitation_sum': [0.0], 'rain_sum': [0.0], 'snowfall_sum': [0.0], 'precipitation_hours': [0.0]}}",2025-01-01,3,5.8,10.6,0.7,2.3,7.3,-2.6,13.0,24.8,74,12.83,1.79,2025-01-01T08:40,2025-01-01T18:44,36247.48,32647.89,0.0,0.0,0.0,0.0
11,01/01/2025 00:00,10140,ABQ,"Albuquerque, NM",New Mexico,10397,ATL,"Atlanta, GA",Georgia,0.0,0.0,0.0,0.0,0,,ABQ,Albuquerque International Sunport,Albuquerque,NM,USA,35.04022,-106.60919,"{'latitude': 35.043934, 'longitude': -106.60306, 'generationtime_ms': 401.450514793396, 'utc_offset_seconds': -21600, 'timezone': 'America/Denver', 'timezone_abbreviation': 'GMT-6', 'elevation': 1617.0, 'daily_units': {'time': 'iso8601', 'weather_code': 'wmo code', 'temperature_2m_mean': '°C', 'temperature_2m_max': '°C', 'temperature_2m_min': '°C', 'apparent_temperature_mean': '°C', 'apparent_temperature_max': '°C', 'apparent_temperature_min': '°C', 'wind_speed_10m_max': 'km/h', 'wind_gusts_10m_max': 'km/h', 'wind_direction_10m_dominant': '°', 'shortwave_radiation_sum': 'MJ/m²', 'et0_fao_evapotranspiration': 'mm', 'sunrise': 'iso8601', 'sunset': 'iso8601', 'daylight_duration': 's', 'sunshine_duration': 's', 'precipitation_sum': 'mm', 'rain_sum': 'mm', 'snowfall_sum': 'cm', 'precipitation_hours': 'h'}, 'daily': {'time': ['2025-01-01'], 'weather_code': [3], 'temperature_2m_mean': [3.6], 'temperature_2m_max': [9.2], 'temperature_2m_min': [-2.0], 'apparent_temperature_mean': [-0.2], 'apparent_temperature_max': [5.4], 'apparent_temperature_min': [-5.6], 'wind_speed_10m_max': [11.9], 'wind_gusts_10m_max': [24.5], 'wind_direction_10m_dominant': [24], 'shortwave_radiation_sum': [12.06], 'et0_fao_evapotranspiration': [1.61], 'sunrise': ['2025-01-01T08:14'], 'sunset': ['2025-01-01T18:05'], 'daylight_duration': [35473.41], 'sunshine_duration': [31957.99], 'precipitation_sum': [0.0], 'rain_sum': [0.0], 'snowfall_sum': [0.0], 'precipitation_hours': [0.0]}}",2025-01-01,3,3.6,9.2,-2.0,-0.2,5.4,-5.6,11.9,24.5,24,12.06,1.61,2025-01-01T08:14,2025-01-01T18:05,35473.41,31957.99,0.0,0.0,0.0,0.0
12,01/01/2025 00:00,10140,ABQ,"Albuquerque, NM",New Mexico,10397,ATL,"Atlanta, GA",Georgia,9.0,0.0,0.0,0.0,0,,ABQ,Albuquerque International Sunport,Albuquerque,NM,USA,35.04022,-106.60919,"{'latitude': 35.043934, 'longitude': -106.60306, 'generationtime_ms': 0.43022632598876953, 'utc_offset_seconds': -21600, 'timezone': 'America/Denver', 'timezone_abbreviation': 'GMT-6', 'elevation': 1617.0, 'daily_units': {'time': 'iso8601', 'weather_code': 'wmo code', 'temperature_2m_mean': '°C', 'temperature_2m_max': '°C', 'temperature_2m_min': '°C', 'apparent_temperature_mean': '°C', 'apparent_temperature_max': '°C', 'apparent_temperature_min': '°C', 'wind_speed_10m_max': 'km/h', 'wind_gusts_10m_max': 'km/h', 'wind_direction_10m_dominant': '°', 'shortwave_radiation_sum': 'MJ/m²', 'et0_fao_evapotranspiration': 'mm', 'sunrise': 'iso8601', 'sunset': 'iso8601', 'daylight_duration': 's', 'sunshine_duration': 's', 'precipitation_sum': 'mm', 'rain_sum': 'mm', 'snowfall_sum': 'cm', 'precipitation_hours': 'h'}, 'daily': {'time': ['2025-01-01'], 'weather_code': [3], 'temperature_2m_mean': [3.6], 'temperature_2m_max': [9.2], 'temperature_2m_min': [-2.0], 'apparent_temperature_mean': [-0.2], 'apparent_temperature_max': [5.4], 'apparent_temperature_min': [-5.6], 'wind_speed_10m_max': [11.9], 'wind_gusts_10m_max': [24.5], 'wind_direction_10m_dominant': [24], 'shortwave_radiation_sum': [12.06], 'et0_fao_evapotranspiration': [1.61], 'sunrise': ['2025-01-01T08:14'], 'sunset': ['2025-01-01T18:05'], 'daylight_duration': [35473.41], 'sunshine_duration': [31957.99], 'precipitation_sum': [0.0], 'rain_sum': [0.0], 'snowfall_sum': [0.0], 'precipitation_hours': [0.0]}}",2025-01-01,3,3.6,9.2,-2.0,-0.2,5.4,-5.6,11.9,24.5,24,12.06,1.61,2025-01-01T08:14,2025-01-01T18:05,35473.41,31957.99,0.0,0.0,0.0,0.0
13,01/01/2025 00:00,10140,ABQ,"Albuquerque, NM",New Mexico,10423,AUS,"Austin, TX",Texas,14.0,0.0,10.0,0.0,0,,ABQ,Albuquerque International Sunport,Albuquerque,NM,USA,35.04022,-106.60919,"{'latitude': 35.043934, 'longitude': -106.60306, 'generationtime_ms': 0.5604028701782227, 'utc_offset_seconds': -21600, 'timezone': 'America/Denver', 'timezone_abbreviation': 'GMT-6', 'elevation': 1617.0, 'daily_units': {'time': 'iso8601', 'weather_code': 'wmo code', 'temperature_2m_mean': '°C', 'temperature_2m_max': '°C', 'temperature_2m_min': '°C', 'apparent_temperature_mean': '°C', 'apparent_temperature_max': '°C', 'apparent_temperature_min': '°C', 'wind_speed_10m_max': 'km/h', 'wind_gusts_10m_max': 'km/h', 'wind_direction_10m_dominant': '°', 'shortwave_radiation_sum': 'MJ/m²', 'et0_fao_evapotranspiration': 'mm', 'sunrise': 'iso8601', 'sunset': 'iso8601', 'daylight_duration': 's', 'sunshine_duration': 's', 'precipitation_sum': 'mm', 'rain_sum': 'mm', 'snowfall_sum': 'cm', 'precipitation_hours': 'h'}, 'daily': {'time': ['2025-01-01'], 'weather_code': [3], 'temperature_2m_mean': [3.6], 'temperature_2m_max': [9.2], 'temperature_2m_min': [-2.0], 'apparent_temperature_mean': [-0.2], 'apparent_temperature_max': [5.4], 'apparent_temperature_min': [-5.6], 'wind_speed_10m_max': [11.9], 'wind_gusts_10m_max': [24.5], 'wind_direction_10m_dominant': [24], 'shortwave_radiation_sum': [12.06], 'et0_fao_evapotranspiration': [1.61], 'sunrise': ['2025-01-01T08:14'], 'sunset': ['2025-01-01T18:05'], 'daylight_duration': [35473.41], 'sunshine_duration': [31957.99], 'precipitation_sum': [0.0], 'rain_sum': [0.0], 'snowfall_sum': [0.0], 'precipitation_hours': [0.0]}}",2025-01-01,3,3.6,9.2,-2.0,-0.2,5.4,-5.6,11.9,24.5,24,12.06,1.61,2025-01-01T08:14,2025-01-01T18:05,35473.41,31957.99,0.0,0.0,0.0,0.0
14,01/01/2025 00:00,10140,ABQ,"Albuquerque, NM",New Mexico,10800,BUR,"Burbank, CA",California,6.0,0.0,0.0,0.0,0,,ABQ,Albuquerque International Sunport,Albuquerque,NM,USA,35.04022,-106.60919,"{'latitude': 35.043934, 'longitude': -106.60306, 'generationtime_ms': 0.14734268188476562, 'utc_offset_seconds': -21600, 'timezone': 'America/Denver', 'timezone_abbreviation': 'GMT-6', 'elevation': 1617.0, 'daily_units': {'time': 'iso8601', 'weather_code': 'wmo code', 'temperature_2m_mean': '°C', 'temperature_2m_max': '°C', 'temperature_2m_min': '°C', 'apparent_temperature_mean': '°C', 'apparent_temperature_max': '°C', 'apparent_temperature_min': '°C', 'wind_speed_10m_max': 'km/h', 'wind_gusts_10m_max': 'km/h', 'wind_direction_10m_dominant': '°', 'shortwave_radiation_sum': 'MJ/m²', 'et0_fao_evapotranspiration': 'mm', 'sunrise': 'iso8601', 'sunset': 'iso8601', 'daylight_duration': 's', 'sunshine_duration': 's', 'precipitation_sum': 'mm', 'rain_sum': 'mm', 'snowfall_sum': 'cm', 'precipitation_hours': 'h'}, 'daily': {'time': ['2025-01-01'], 'weather_code': [3], 'temperature_2m_mean': [3.6], 'temperature_2m_max': [9.2], 'temperature_2m_min': [-2.0], 'apparent_temperature_mean': [-0.2], 'apparent_temperature_max': [5.4], 'apparent_temperature_min': [-5.6], 'wind_speed_10m_max': [11.9], 'wind_gusts_10m_max': [24.5], 'wind_direction_10m_dominant': [24], 'shortwave_radiation_sum': [12.06], 'et0_fao_evapotranspiration': [1.61], 'sunrise': ['2025-01-01T08:14'], 'sunset': ['2025-01-01T18:05'], 'daylight_duration': [35473.41], 'sunshine_duration': [31957.99], 'precipitation_sum': [0.0], 'rain_sum': [0.0], 'snowfall_sum': [0.0], 'precipitation_hours': [0.0]}}",2025-01-01,3,3.6,9.2,-2.0,-0.2,5.4,-5.6,11.9,24.5,24,12.06,1.61,2025-01-01T08:14,2025-01-01T18:05,35473.41,31957.99,0.0,0.0,0.0,0.0
15,01/01/2025 00:00,10140,ABQ,"Albuquerque, NM",New Mexico,10821,BWI,"Baltimore, MD",Maryland,20.0,1.0,0.0,0.0,0,,ABQ,Albuquerque International Sunport,Albuquerque,NM,USA,35.04022,-106.60919,"{'latitude': 35.043934, 'longitude': -106.60306, 'generationtime_ms': 0.7805824279785156, 'utc_offset_seconds': -21600, 'timezone': 'America/Denver', 'timezone_abbreviation': 'GMT-6', 'elevation': 1617.0, 'daily_units': {'time': 'iso8601', 'weather_code': 'wmo code', 'temperature_2m_mean': '°C', 'temperature_2m_max': '°C', 'temperature_2m_min': '°C', 'apparent_temperature_mean': '°C', 'apparent_temperature_max': '°C', 'apparent_temperature_min': '°C', 'wind_speed_10m_max': 'km/h', 'wind_gusts_10m_max': 'km/h', 'wind_direction_10m_dominant': '°', 'shortwave_radiation_sum': 'MJ/m²', 'et0_fao_evapotranspiration': 'mm', 'sunrise': 'iso8601', 'sunset': 'iso8601', 'daylight_duration': 's', 'sunshine_duration': 's', 'precipitation_sum': 'mm', 'rain_sum': 'mm', 'snowfall_sum': 'cm', 'precipitation_hours': 'h'}, 'daily': {'time': ['2025-01-01'], 'weather_code': [3], 'temperature_2m_mean': [3.6], 'temperature_2m_max': [9.2], 'temperature_2m_min': [-2.0], 'apparent_temperature_mean': [-0.2], 'apparent_temperature_max': [5.4], 'apparent_temperature_min': [-5.6], 'wind_speed_10m_max': [11.9], 'wind_gusts_10m_max': [24.5], 'wind_direction_10m_dominant': [24], 'shortwave_radiation_sum': [12.06], 'et0_fao_evapotranspiration': [1.61], 'sunrise': ['2025-01-01T08:14'], 'sunset': ['2025-01-01T18:05'], 'daylight_duration': [35473.41], 'sunshine_duration': [31957.99], 'precipitation_sum': [0.0], 'rain_sum': [0.0], 'snowfall_sum': [0.0], 'precipitation_hours': [0.0]}}",2025-01-01,3,3.6,9.2,-2.0,-0.2,5.4,-5.6,11.9,24.5,24,12.06,1.61,2025-01-01T08:14,2025-01-01T18:05,35473.41,31957.99,0.0,0.0,0.0,0.0
16,01/01/2025 00:00,10140,ABQ,"Albuquerque, NM",New Mexico,11259,DAL,"Dallas, TX",Texas,0.0,0.0,0.0,0.0,0,,ABQ,Albuquerque International Sunport,Albuquerque,NM,USA,35.04022,-106.60919,"{'latitude': 35.043934, 'longitude': -106.60306, 'generationtime_ms': 0.5273818969726562, 'utc_offset_seconds': -21600, 'timezone': 'America/Denver', 'timezone_abbreviation': 'GMT-6', 'elevation': 1617.0, 'daily_units': {'time': 'iso8601', 'weather_code': 'wmo code', 'temperature_2m_mean': '°C', 'temperature_2m_max': '°C', 'temperature_2m_min': '°C', 'apparent_temperature_mean': '°C', 'apparent_temperature_max': '°C', 'apparent_temperature_min': '°C', 'wind_speed_10m_max': 'km/h', 'wind_gusts_10m_max': 'km/h', 'wind_direction_10m_dominant': '°', 'shortwave_radiation_sum': 'MJ/m²', 'et0_fao_evapotranspiration': 'mm', 'sunrise': 'iso8601', 'sunset': 'iso8601', 'daylight_duration': 's', 'sunshine_duration': 's', 'precipitation_sum': 'mm', 'rain_sum': 'mm', 'snowfall_sum': 'cm', 'precipitation_hours': 'h'}, 'daily': {'time': ['2025-01-01'], 'weather_code': [3], 'temperature_2m_mean': [3.6], 'temperature_2m_max': [9.2], 'temperature_2m_min': [-2.0], 'apparent_temperature_mean': [-0.2], 'apparent_temperature_max': [5.4], 'apparent_temperature_min': [-5.6], 'wind_speed_10m_max': [11.9], 'wind_gusts_10m_max': [24.5], 'wind_direction_10m_dominant': [24], 'shortwave_radiation_sum': [12.06], 'et0_fao_evapotranspiration': [1.61], 'sunrise': ['2025-01-01T08:14'], 'sunset': ['2025-01-01T18:05'], 'daylight_duration': [35473.41], 'sunshine_duration': [31957.99], 'precipitation_sum': [0.0], 'rain_sum': [0.0], 'snowfall_sum': [0.0], 'precipitation_hours': [0.0]}}",2025-01-01,3,3.6,9.2,-2.0,-0.2,5.4,-5.6,11.9,24.5,24,12.06,1.61,2025-01-01T08:14,2025-01-01T18:05,35473.41,31957.99,0.0,0.0,0.0,0.0
17,01/01/2025 00:00,10140,ABQ,"Albuquerque, NM",New Mexico,11259,DAL,"Dallas, TX",Texas,5.0,0.0,0.0,0.0,0,,ABQ,Albuquerque International Sunport,Albuquerque,NM,USA,35.04022,-106.60919,"{'latitude': 35.043934, 'longitude': -106.60306, 'generationtime_ms': 0.5803108215332031, 'utc_offset_seconds': -21600, 'timezone': 'America/Denver', 'timezone_abbreviation': 'GMT-6', 'elevation': 1617.0, 'daily_units': {'time': 'iso8601', 'weather_code': 'wmo code', 'temperature_2m_mean': '°C', 'temperature_2m_max': '°C', 'temperature_2m_min': '°C', 'apparent_temperature_mean': '°C', 'apparent_temperature_max': '°C', 'apparent_temperature_min': '°C', 'wind_speed_10m_max': 'km/h', 'wind_gusts_10m_max': 'km/h', 'wind_direction_10m_dominant': '°', 'shortwave_radiation_sum': 'MJ/m²', 'et0_fao_evapotranspiration': 'mm', 'sunrise': 'iso8601', 'sunset': 'iso8601', 'daylight_duration': 's', 'sunshine_duration': 's', 'precipitation_sum': 'mm', 'rain_sum': 'mm', 'snowfall_sum': 'cm', 'precipitation_hours': 'h'}, 'daily': {'time': ['2025-01-01'], 'weather_code': [3], 'temperature_2m_mean': [3.6], 'temperature_2m_max': [9.2], 'temperature_2m_min': [-2.0], 'apparent_temperature_mean': [-0.2], 'apparent_temperature_max': [5.4], 'apparent_temperature_min': [-5.6], 'wind_speed_10m_max': [11.9], 'wind_gusts_10m_max': [24.5], 'wind_direction_10m_dominant': [24], 'shortwave_radiation_sum': [12.06], 'et0_fao_evapotranspiration': [1.61], 'sunrise': ['2025-01-01T08:14'], 'sunset': ['2025-01-01T18:05'], 'daylight_duration': [35473.41], 'sunshine_duration': [31957.99], 'precipitation_sum': [0.0], 'rain_sum': [0.0], 'snowfall_sum': [0.0], 'precipitation_hours': [0.0]}}",2025-01-01,3,3.6,9.2,-2.0,-0.2,5.4,-5.6,11.9,24.5,24,12.06,1.61,2025-01-01T08:14,2025-01-01T18:05,35473.41,31957.99,0.0,0.0,0.0,0.0
18,01/01/2025 00:00,10140,ABQ,"Albuquerque, NM",New Mexico,11259,DAL,"Dallas, TX",Texas,10.0,0.0,3.0,0.0,0,,ABQ,Albuquerque International Sunport,Albuquerque,NM,USA,35.04022,-106.60919,"{'latitude': 35.043934, 'longitude': -106.60306, 'generationtime_ms': 0.574946403503418, 'utc_offset_seconds': -21600, 'timezone': 'America/Denver', 'timezone_abbreviation': 'GMT-6', 'elevation': 1617.0, 'daily_units': {'time': 'iso8601', 'weather_code': 'wmo code', 'temperature_2m_mean': '°C', 'temperature_2m_max': '°C', 'temperature_2m_min': '°C', 'apparent_temperature_mean': '°C', 'apparent_temperature_max': '°C', 'apparent_temperature_min': '°C', 'wind_speed_10m_max': 'km/h', 'wind_gusts_10m_max': 'km/h', 'wind_direction_10m_dominant': '°', 'shortwave_radiation_sum': 'MJ/m²', 'et0_fao_evapotranspiration': 'mm', 'sunrise': 'iso8601', 'sunset': 'iso8601', 'daylight_duration': 's', 'sunshine_duration': 's', 'precipitation_sum': 'mm', 'rain_sum': 'mm', 'snowfall_sum': 'cm', 'precipitation_hours': 'h'}, 'daily': {'time': ['2025-01-01'], 'weather_code': [3], 'temperature_2m_mean': [3.6], 'temperature_2m_max': [9.2], 'temperature_2m_min': [-2.0], 'apparent_temperature_mean': [-0.2], 'apparent_temperature_max': [5.4], 'apparent_temperature_min': [-5.6], 'wind_speed_10m_max': [11.9], 'wind_gusts_10m_max': [24.5], 'wind_direction_10m_dominant': [24], 'shortwave_radiation_sum': [12.06], 'et0_fao_evapotranspiration': [1.61], 'sunrise': ['2025-01-01T08:14'], 'sunset': ['2025-01-01T18:05'], 'daylight_duration': [35473.41], 'sunshine_duration': [31957.99], 'precipitation_sum': [0.0], 'rain_sum': [0.0], 'snowfall_sum': [0.0], 'precipitation_hours': [0.0]}}",2025-01-01,3,3.6,9.2,-2.0,-0.2,5.4,-5.6,11.9,24.5,24,12.06,1.61,2025-01-01T08:14,2025-01-01T18:05,35473.41,31957.99,0.0,0.0,0.0,0.0
19,01/01/2025 00:00,10140,ABQ,"Albuquerque, NM",New Mexico,11259,DAL,"Dallas, TX",Texas,17.0,1.0,11.0,0.0,0,,ABQ,Albuquerque International Sunport,Albuquerque,NM,USA,35.04022,-106.60919,"{'latitude': 35.043934, 'longitude': -106.60306, 'generationtime_ms': 0.5282163619995117, 'utc_offset_seconds': -21600, 'timezone': 'America/Denver', 'timezone_abbreviation': 'GMT-6', 'elevation': 1617.0, 'daily_units': {'time': 'iso8601', 'weather_code': 'wmo code', 'temperature_2m_mean': '°C', 'temperature_2m_max': '°C', 'temperature_2m_min': '°C', 'apparent_temperature_mean': '°C', 'apparent_temperature_max': '°C', 'apparent_temperature_min': '°C', 'wind_speed_10m_max': 'km/h', 'wind_gusts_10m_max': 'km/h', 'wind_direction_10m_dominant': '°', 'shortwave_radiation_sum': 'MJ/m²', 'et0_fao_evapotranspiration': 'mm', 'sunrise': 'iso8601', 'sunset': 'iso8601', 'daylight_duration': 's', 'sunshine_duration': 's', 'precipitation_sum': 'mm', 'rain_sum': 'mm', 'snowfall_sum': 'cm', 'precipitation_hours': 'h'}, 'daily': {'time': ['2025-01-01'], 'weather_code': [3], 'temperature_2m_mean': [3.6], 'temperature_2m_max': [9.2], 'temperature_2m_min': [-2.0], 'apparent_temperature_mean': [-0.2], 'apparent_temperature_max': [5.4], 'apparent_temperature_min': [-5.6], 'wind_speed_10m_max': [11.9], 'wind_gusts_10m_max': [24.5], 'wind_direction_10m_dominant': [24], 'shortwave_radiation_sum': [12.06], 'et0_fao_evapotranspiration': [1.61], 'sunrise': ['2025-01-01T08:14'], 'sunset': ['2025-01-01T18:05'], 'daylight_duration': [35473.41], 'sunshine_duration': [31957.99], 'precipitation_sum': [0.0], 'rain_sum': [0.0], 'snowfall_sum': [0.0], 'precipitation_hours': [0.0]}}",2025-01-01,3,3.6,9.2,-2.0,-0.2,5.4,-5.6,11.9,24.5,24,12.06,1.61,2025-01-01T08:14,2025-01-01T18:05,35473.41,31957.99,0.0,0.0,0.0,0.0
20,01/01/2025 00:00,10140,ABQ,"Albuquerque, NM",New Mexico,11259,DAL,"Dallas, TX",Texas,44.0,1.0,39.0,1.0,0,0.0,ABQ,Albuquerque International Sunport,Albuquerque,NM,USA,35.04022,-106.60919,"{'latitude': 35.043934, 'longitude': -106.60306, 'generationtime_ms': 0.5674362182617188, 'utc_offset_seconds': -21600, 'timezone': 'America/Denver', 'timezone_abbreviation': 'GMT-6', 'elevation': 1617.0, 'daily_units': {'time': 'iso8601', 'weather_code': 'wmo code', 'temperature_2m_mean': '°C', 'temperature_2m_max': '°C', 'temperature_2m_min': '°C', 'apparent_temperature_mean': '°C', 'apparent_temperature_max': '°C', 'apparent_temperature_min': '°C', 'wind_speed_10m_max': 'km/h', 'wind_gusts_10m_max': 'km/h', 'wind_direction_10m_dominant': '°', 'shortwave_radiation_sum': 'MJ/m²', 'et0_fao_evapotranspiration': 'mm', 'sunrise': 'iso8601', 'sunset': 'iso8601', 'daylight_duration': 's', 'sunshine_duration': 's', 'precipitation_sum': 'mm', 'rain_sum': 'mm', 'snowfall_sum': 'cm', 'precipitation_hours': 'h'}, 'daily': {'time': ['2025-01-01'], 'weather_code': [3], 'temperature_2m_mean': [3.6], 'temperature_2m_max': [9.2], 'temperature_2m_min': [-2.0], 'apparent_temperature_mean': [-0.2], 'apparent_temperature_max': [5.4], 'apparent_temperature_min': [-5.6], 'wind_speed_10m_max': [11.9], 'wind_gusts_10m_max': [24.5], 'wind_direction_10m_dominant': [24], 'shortwave_radiation_sum': [12.06], 'et0_fao_evapotranspiration': [1.61], 'sunrise': ['2025-01-01T08:14'], 'sunset': ['2025-01-01T18:05'], 'daylight_duration': [35473.41], 'sunshine_duration': [31957.99], 'precipitation_sum': [0.0], 'rain_sum': [0.0], 'snowfall_sum': [0.0], 'precipitation_hours': [0.0]}}",2025-01-01,3,3.6,9.2,-2.0,-0.2,5.4,-5.6,11.9,24.5,24,12.06,1.61,2025-01-01T08:14,2025-01-01T18:05,35473.41,31957.99,0.0,0.0,0.0,0.0
21,01/01/2025 00:00,10140,ABQ,"Albuquerque, NM",New Mexico,11292,DEN,"Denver, CO",Colorado,0.0,0.0,0.0,0.0,0,,ABQ,Albuquerque International Sunport,Albuquerque,NM,USA,35.04022,-106.60919,"{'latitude': 35.043934, 'longitude': -106.60306, 'generationtime_ms': 0.6315708160400391, 'utc_offset_seconds': -21600, 'timezone': 'America/Denver', 'timezone_abbreviation': 'GMT-6', 'elevation': 1617.0, 'daily_units': {'time': 'iso8601', 'weather_code': 'wmo code', 'temperature_2m_mean': '°C', 'temperature_2m_max': '°C', 'temperature_2m_min': '°C', 'apparent_temperature_mean': '°C', 'apparent_temperature_max': '°C', 'apparent_temperature_min': '°C', 'wind_speed_10m_max': 'km/h', 'wind_gusts_10m_max': 'km/h', 'wind_direction_10m_dominant': '°', 'shortwave_radiation_sum': 'MJ/m²', 'et0_fao_evapotranspiration': 'mm', 'sunrise': 'iso8601', 'sunset': 'iso8601', 'daylight_duration': 's', 'sunshine_duration': 's', 'precipitation_sum': 'mm', 'rain_sum': 'mm', 'snowfall_sum': 'cm', 'precipitation_hours': 'h'}, 'daily': {'time': ['2025-01-01'], 'weather_code': [3], 'temperature_2m_mean': [3.6], 'temperature_2m_max': [9.2], 'temperature_2m_min': [-2.0], 'apparent_temperature_mean': [-0.2], 'apparent_temperature_max': [5.4], 'apparent_temperature_min': [-5.6], 'wind_speed_10m_max': [11.9], 'wind_gusts_10m_max': [24.5], 'wind_direction_10m_dominant': [24], 'shortwave_radiation_sum': [12.06], 'et0_fao_evapotranspiration': [1.61], 'sunrise': ['2025-01-01T08:14'], 'sunset': ['2025-01-01T18:05'], 'daylight_duration': [35473.41], 'sunshine_duration': [31957.99], 'precipitation_sum': [0.0], 'rain_sum': [0.0], 'snowfall_sum': [0.0], 'precipitation_hours': [0.0]}}",2025-01-01,3,3.6,9.2,-2.0,-0.2,5.4,-5.6,11.9,24.5,24,12.06,1.61,2025-01-01T08:14,2025-01-01T18:05,35473.41,31957.99,0.0,0.0,0.0,0.0
22,01/01/2025 00:00,10140,ABQ,"Albuquerque, NM",New Mexico,11292,DEN,"Denver, CO",Colorado,0.0,0.0,0.0,0.0,0,,ABQ,Albuquerque International Sunport,Albuquerque,NM,USA,35.04022,-106.60919,"{'latitude': 35.043934, 'longitude': -106.60306, 'generationtime_ms': 0.4754066467285156, 'utc_offset_seconds': -21600, 'timezone': 'America/Denver', 'timezone_abbreviation': 'GMT-6', 'elevation': 1617.0, 'daily_units': {'time': 'iso8601', 'weather_code': 'wmo code', 'temperature_2m_mean': '°C', 'temperature_2m_max': '°C', 'temperature_2m_min': '°C', 'apparent_temperature_mean': '°C', 'apparent_temperature_max': '°C', 'apparent_temperature_min': '°C', 'wind_speed_10m_max': 'km/h', 'wind_gusts_10m_max': 'km/h', 'wind_direction_10m_dominant': '°', 'shortwave_radiation_sum': 'MJ/m²', 'et0_fao_evapotranspiration': 'mm', 'sunrise': 'iso8601', 'sunset': 'iso8601', 'daylight_duration': 's', 'sunshine_duration': 's', 'precipitation_sum': 'mm', 'rain_sum': 'mm', 'snowfall_sum': 'cm', 'precipitation_hours': 'h'}, 'daily': {'time': ['2025-01-01'], 'weather_code': [3], 'temperature_2m_mean': [3.6], 'temperature_2m_max': [9.2], 'temperature_2m_min': [-2.0], 'apparent_temperature_mean': [-0.2], 'apparent_temperature_max': [5.4], 'apparent_temperature_min': [-5.6], 'wind_speed_10m_max': [11.9], 'wind_gusts_10m_max': [24.5], 'wind_direction_10m_dominant': [24], 'shortwave_radiation_sum': [12.06], 'et0_fao_evapotranspiration': [1.61], 'sunrise': ['2025-01-01T08:14'], 'sunset': ['2025-01-01T18:05'], 'daylight_duration': [35473.41], 'sunshine_duration': [31957.99], 'precipitation_sum': [0.0], 'rain_sum': [0.0], 'snowfall_sum': [0.0], 'precipitation_hours': [0.0]}}",2025-01-01,3,3.6,9.2,-2.0,-0.2,5.4,-5.6,11.9,24.5,24,12.06,1.61,2025-01-01T08:14,2025-01-01T18:05,35473.41,31957.99,0.0,0.0,0.0,0.0
23,01/01/2025 00:00,10140,ABQ,"Albuquerque, NM",New Mexico,11292,DEN,"Denver, CO",Colorado,0.0,0.0,0.0,0.0,0,,ABQ,Albuquerque International Sunport,Albuquerque,NM,USA,35.04022,-106.60919,"{'latitude': 35.043934, 'longitude': -106.60306, 'generationtime_ms': 0.6498098373413086, 'utc_offset_seconds': -21600, 'timezone': 'America/Denver', 'timezone_abbreviation': 'GMT-6', 'elevation': 1617.0, 'daily_units': {'time': 'iso8601', 'weather_code': 'wmo code', 'temperature_2m_mean': '°C', 'temperature_2m_max': '°C', 'temperature_2m_min': '°C', 'apparent_temperature_mean': '°C', 'apparent_temperature_max': '°C', 'apparent_temperature_min': '°C', 'wind_speed_10m_max': 'km/h', 'wind_gusts_10m_max': 'km/h', 'wind_direction_10m_dominant': '°', 'shortwave_radiation_sum': 'MJ/m²', 'et0_fao_evapotranspiration': 'mm', 'sunrise': 'iso8601', 'sunset': 'iso8601', 'daylight_duration': 's', 'sunshine_duration': 's', 'precipitation_sum': 'mm', 'rain_sum': 'mm', 'snowfall_sum': 'cm', 'precipitation_hours': 'h'}, 'daily': {'time': ['2025-01-01'], 'weather_code': [3], 'temperature_2m_mean': [3.6], 'temperature_2m_max': [9.2], 'temperature_2m_min': [-2.0], 'apparent_temperature_mean': [-0.2], 'apparent_temperature_max': [5.4], 'apparent_temperature_min': [-5.6], 'wind_speed_10m_max': [11.9], 'wind_gusts_10m_max': [24.5], 'wind_direction_10m_dominant': [24], 'shortwave_radiation_sum': [12.06], 'et0_fao_evapotranspiration': [1.61], 'sunrise': ['2025-01-01T08:14'], 'sunset': ['2025-01-01T18:05'], 'daylight_duration': [35473.41], 'sunshine_duration': [31957.99], 'precipitation_sum': [0.0], 'rain_sum': [0.0], 'snowfall_sum': [0.0], 'precipitation_hours': [0.0]}}",2025-01-01,3,3.6,9.2,-2.0,-0.2,5.4,-5.6,11.9,24.5,24,12.06,1.61,2025-01-01T08:14,2025-01-01T18:05,35473.41,31957.99,0.0,0.0,0.0,0.0
24,01/01/2025 00:00,10140,ABQ,"Albuquerque, NM",New Mexico,11292,DEN,"Denver, CO",Colorado,0.0,0.0,0.0,0.0,0,,ABQ,Albuquerque International Sunport,Albuquerque,NM,USA,35.04022,-106.60919,"{'latitude': 35.043934, 'longitude': -106.60306, 'generationtime_ms': 0.4820823669433594, 'utc_offset_seconds': -21600, 'timezone': 'America/Denver', 'timezone_abbreviation': 'GMT-6', 'elevation': 1617.0, 'daily_units': {'time': 'iso8601', 'weather_code': 'wmo code', 'temperature_2m_mean': '°C', 'temperature_2m_max': '°C', 'temperature_2m_min': '°C', 'apparent_temperature_mean': '°C', 'apparent_temperature_max': '°C', 'apparent_temperature_min': '°C', 'wind_speed_10m_max': 'km/h', 'wind_gusts_10m_max': 'km/h', 'wind_direction_10m_dominant': '°', 'shortwave_radiation_sum': 'MJ/m²', 'et0_fao_evapotranspiration': 'mm', 'sunrise': 'iso8601', 'sunset': 'iso8601', 'daylight_duration': 's', 'sunshine_duration': 's', 'precipitation_sum': 'mm', 'rain_sum': 'mm', 'snowfall_sum': 'cm', 'precipitation_hours': 'h'}, 'daily': {'time': ['2025-01-01'], 'weather_code': [3], 'temperature_2m_mean': [3.6], 'temperature_2m_max': [9.2], 'temperature_2m_min': [-2.0], 'apparent_temperature_mean': [-0.2], 'apparent_temperature_max': [5.4], 'apparent_temperature_min': [-5.6], 'wind_speed_10m_max': [11.9], 'wind_gusts_10m_max': [24.5], 'wind_direction_10m_dominant': [24], 'shortwave_radiation_sum': [12.06], 'et0_fao_evapotranspiration': [1.61], 'sunrise': ['2025-01-01T08:14'], 'sunset': ['2025-01-01T18:05'], 'daylight_duration': [35473.41], 'sunshine_duration': [31957.99], 'precipitation_sum': [0.0], 'rain_sum': [0.0], 'snowfall_sum': [0.0], 'precipitation_hours': [0.0]}}",2025-01-01,3,3.6,9.2,-2.0,-0.2,5.4,-5.6,11.9,24.5,24,12.06,1.61,2025-01-01T08:14,2025-01-01T18:05,35473.41,31957.99,0.0,0.0,0.0,0.0
25,01/01/2025 00:00,10140,ABQ,"Albuquerque, NM",New Mexico,11292,DEN,"Denver, CO",Colorado,0.0,0.0,11.0,0.0,0,,ABQ,Albuquerque International Sunport,Albuquerque,NM,USA,35.04022,-106.60919,"{'latitude': 35.043934, 'longitude': -106.60306, 'generationtime_ms': 0.13267993927001953, 'utc_offset_seconds': -21600, 'timezone': 'America/Denver', 'timezone_abbreviation': 'GMT-6', 'elevation': 1617.0, 'daily_units': {'time': 'iso8601', 'weather_code': 'wmo code', 'temperature_2m_mean': '°C', 'temperature_2m_max': '°C', 'temperature_2m_min': '°C', 'apparent_temperature_mean': '°C', 'apparent_temperature_max': '°C', 'apparent_temperature_min': '°C', 'wind_speed_10m_max': 'km/h', 'wind_gusts_10m_max': 'km/h', 'wind_direction_10m_dominant': '°', 'shortwave_radiation_sum': 'MJ/m²', 'et0_fao_evapotranspiration': 'mm', 'sunrise': 'iso8601', 'sunset': 'iso8601', 'daylight_duration': 's', 'sunshine_duration': 's', 'precipitation_sum': 'mm', 'rain_sum': 'mm', 'snowfall_sum': 'cm', 'precipitation_hours': 'h'}, 'daily': {'time': ['2025-01-01'], 'weather_code': [3], 'temperature_2m_mean': [3.6], 'temperature_2m_max': [9.2], 'temperature_2m_min': [-2.0], 'apparent_temperature_mean': [-0.2], 'apparent_temperature_max': [5.4], 'apparent_temperature_min': [-5.6], 'wind_speed_10m_max': [11.9], 'wind_gusts_10m_max': [24.5], 'wind_direction_10m_dominant': [24], 'shortwave_radiation_sum': [12.06], 'et0_fao_evapotranspiration': [1.61], 'sunrise': ['2025-01-01T08:14'], 'sunset': ['2025-01-01T18:05'], 'daylight_duration': [35473.41], 'sunshine_duration': [31957.99], 'precipitation_sum': [0.0], 'rain_sum': [0.0], 'snowfall_sum': [0.0], 'precipitation_hours': [0.0]}}",2025-01-01,3,3.6,9.2,-2.0,-0.2,5.4,-5.6,11.9,24.5,24,12.06,1.61,2025-01-01T08:14,2025-01-01T18:05,35473.41,31957.99,0.0,0.0,0.0,0.0
26,01/01/2025 00:00,10140,ABQ,"Albuquerque, NM",New Mexico,11292,DEN,"Denver, CO",Colorado,1.0,0.0,0.0,0.0,0,,ABQ,Albuquerque International Sunport,Albuquerque,NM,USA,35.04022,-106.60919,"{'latitude': 35.043934, 'longitude': -106.60306, 'generationtime_ms': 0.5970001220703125, 'utc_offset_seconds': -21600, 'timezone': 'America/Denver', 'timezone_abbreviation': 'GMT-6', 'elevation': 1617.0, 'daily_units': {'time': 'iso8601', 'weather_code': 'wmo code', 'temperature_2m_mean': '°C', 'temperature_2m_max': '°C', 'temperature_2m_min': '°C', 'apparent_temperature_mean': '°C', 'apparent_temperature_max': '°C', 'apparent_temperature_min': '°C', 'wind_speed_10m_max': 'km/h', 'wind_gusts_10m_max': 'km/h', 'wind_direction_10m_dominant': '°', 'shortwave_radiation_sum': 'MJ/m²', 'et0_fao_evapotranspiration': 'mm', 'sunrise': 'iso8601', 'sunset': 'iso8601', 'daylight_duration': 's', 'sunshine_duration': 's', 'precipitation_sum': 'mm', 'rain_sum': 'mm', 'snowfall_sum': 'cm', 'precipitation_hours': 'h'}, 'daily': {'time': ['2025-01-01'], 'weather_code': [3], 'temperature_2m_mean': [3.6], 'temperature_2m_max': [9.2], 'temperature_2m_min': [-2.0], 'apparent_temperature_mean': [-0.2], 'apparent_temperature_max': [5.4], 'apparent_temperature_min': [-5.6], 'wind_speed_10m_max': [11.9], 'wind_gusts_10m_max': [24.5], 'wind_direction_10m_dominant': [24], 'shortwave_radiation_sum': [12.06], 'et0_fao_evapotranspiration': [1.61], 'sunrise': ['2025-01-01T08:14'], 'sunset': ['2025-01-01T18:05'], 'daylight_duration': [35473.41], 'sunshine_duration': [31957.99], 'precipitation_sum': [0.0], 'rain_sum': [0.0], 'snowfall_sum': [0.0], 'precipitation_hours': [0.0]}}",2025-01-01,3,3.6,9.2,-2.0,-0.2,5.4,-5.6,11.9,24.5,24,12.06,1.61,2025-01-01T08:14,2025-01-01T18:05,35473.41,31957.99,0.0,0.0,0.0,0.0
27,01/01/2025 00:00,10140,ABQ,"Albuquerque, NM",New Mexico,11292,DEN,"Denver, CO",Colorado,8.0,0.0,21.0,1.0,0,0.0,ABQ,Albuquerque International Sunport,Albuquerque,NM,USA,35.04022,-106.60919,"{'latitude': 35.043934, 'longitude': -106.60306, 'generationtime_ms': 0.4812479019165039, 'utc_offset_seconds': -21600, 'timezone': 'America/Denver', 'timezone_abbreviation': 'GMT-6', 'elevation': 1617.0, 'daily_units': {'time': 'iso8601', 'weather_code': 'wmo code', 'temperature_2m_mean': '°C', 'temperature_2m_max': '°C', 'temperature_2m_min': '°C', 'apparent_temperature_mean': '°C', 'apparent_temperature_max': '°C', 'apparent_temperature_min': '°C', 'wind_speed_10m_max': 'km/h', 'wind_gusts_10m_max': 'km/h', 'wind_direction_10m_dominant': '°', 'shortwave_radiation_sum': 'MJ/m²', 'et0_fao_evapotranspiration': 'mm', 'sunrise': 'iso8601', 'sunset': 'iso8601', 'daylight_duration': 's', 'sunshine_duration': 's', 'precipitation_sum': 'mm', 'rain_sum': 'mm', 'snowfall_sum': 'cm', 'precipitation_hours': 'h'}, 'daily': {'time': ['2025-01-01'], 'weather_code': [3], 'temperature_2m_mean': [3.6], 'temperature_2m_max': [9.2], 'temperature_2m_min': [-2.0], 'apparent_temperature_mean': [-0.2], 'apparent_temperature_max': [5.4], 'apparent_temperature_min': [-5.6], 'wind_speed_10m_max': [11.9], 'wind_gusts_10m_max': [24.5], 'wind_direction_10m_dominant': [24], 'shortwave_radiation_sum': [12.06], 'et0_fao_evapotranspiration': [1.61], 'sunrise': ['2025-01-01T08:14'], 'sunset': ['2025-01-01T18:05'], 'daylight_duration': [35473.41], 'sunshine_duration': [31957.99], 'precipitation_sum': [0.0], 'rain_sum': [0.0], 'snowfall_sum': [0.0], 'precipitation_hours': [0.0]}}",2025-01-01,3,3.6,9.2,-2.0,-0.2,5.4,-5.6,11.9,24.5,24,12.06,1.61,2025-01-01T08:14,2025-01-01T18:05,35473.41,31957.99,0.0,0.0,0.0,0.0
28,01/01/2025 00:00,10140,ABQ,"Albuquerque, NM",New Mexico,11292,DEN,"Denver, CO",Colorado,11.0,0.0,5.0,0.0,0,,ABQ,Albuquerque International Sunport,Albuquerque,NM,USA,35.04022,-106.60919,"{'latitude': 35.043934, 'longitude': -106.60306, 'generationtime_ms': 0.5933046340942383, 'utc_offset_seconds': -21600, 'timezone': 'America/Denver', 'timezone_abbreviation': 'GMT-6', 'elevation': 1617.0, 'daily_units': {'time': 'iso8601', 'weather_code': 'wmo code', 'temperature_2m_mean': '°C', 'temperature_2m_max': '°C', 'temperature_2m_min': '°C', 'apparent_temperature_mean': '°C', 'apparent_temperature_max': '°C', 'apparent_temperature_min': '°C', 'wind_speed_10m_max': 'km/h', 'wind_gusts_10m_max': 'km/h', 'wind_direction_10m_dominant': '°', 'shortwave_radiation_sum': 'MJ/m²', 'et0_fao_evapotranspiration': 'mm', 'sunrise': 'iso8601', 'sunset': 'iso8601', 'daylight_duration': 's', 'sunshine_duration': 's', 'precipitation_sum': 'mm', 'rain_sum': 'mm', 'snowfall_sum': 'cm', 'precipitation_hours': 'h'}, 'daily': {'time': ['2025-01-01'], 'weather_code': [3], 'temperature_2m_mean': [3.6], 'temperature_2m_max': [9.2], 'temperature_2m_min': [-2.0], 'apparent_temperature_mean': [-0.2], 'apparent_temperature_max': [5.4], 'apparent_temperature_min': [-5.6], 'wind_speed_10m_max': [11.9], 'wind_gusts_10m_max': [24.5], 'wind_direction_10m_dominant': [24], 'shortwave_radiation_sum': [12.06], 'et0_fao_evapotranspiration': [1.61], 'sunrise': ['2025-01-01T08:14'], 'sunset': ['2025-01-01T18:05'], 'daylight_duration': [35473.41], 'sunshine_duration': [31957.99], 'precipitation_sum': [0.0], 'rain_sum': [0.0], 'snowfall_sum': [0.0], 'precipitation_hours': [0.0]}}",2025-01-01,3,3.6,9.2,-2.0,-0.2,5.4,-5.6,11.9,24.5,24,12.06,1.61,2025-01-01T08:14,2025-01-01T18:05,35473.41,31957.99,0.0,0.0,0.0,0.0
29,01/01/2025 00:00,10140,ABQ,"Albuquerque, NM",New Mexico,11298,DFW,"Dallas/Fort Worth, TX",Texas,0.0,0.0,0.0,0.0,0,,ABQ,Albuquerque International Sunport,Albuquerque,NM,USA,35.04022,-106.60919,"{'latitude': 35.043934, 'longitude': -106.60306, 'generationtime_ms': 0.1537799835205078, 'utc_offset_seconds': -21600, 'timezone': 'America/Denver', 'timezone_abbreviation': 'GMT-6', 'elevation': 1617.0, 'daily_units': {'time': 'iso8601', 'weather_code': 'wmo code', 'temperature_2m_mean': '°C', 'temperature_2m_max': '°C', 'temperature_2m_min': '°C', 'apparent_temperature_mean': '°C', 'apparent_temperature_max': '°C', 'apparent_temperature_min': '°C', 'wind_speed_10m_max': 'km/h', 'wind_gusts_10m_max': 'km/h', 'wind_direction_10m_dominant': '°', 'shortwave_radiation_sum': 'MJ/m²', 'et0_fao_evapotranspiration': 'mm', 'sunrise': 'iso8601', 'sunset': 'iso8601', 'daylight_duration': 's', 'sunshine_duration': 's', 'precipitation_sum': 'mm', 'rain_sum': 'mm', 'snowfall_sum': 'cm', 'precipitation_hours': 'h'}, 'daily': {'time': ['2025-01-01'], 'weather_code': [3], 'temperature_2m_mean': [3.6], 'temperature_2m_max': [9.2], 'temperature_2m_min': [-2.0], 'apparent_temperature_mean': [-0.2], 'apparent_temperature_max': [5.4], 'apparent_temperature_min': [-5.6], 'wind_speed_10m_max': [11.9], 'wind_gusts_10m_max': [24.5], 'wind_direction_10m_dominant': [24], 'shortwave_radiation_sum': [12.06], 'et0_fao_evapotranspiration': [1.61], 'sunrise': ['2025-01-01T08:14'], 'sunset': ['2025-01-01T18:05'], 'daylight_duration': [35473.41], 'sunshine_duration': [31957.99], 'precipitation_sum': [0.0], 'rain_sum': [0.0], 'snowfall_sum': [0.0], 'precipitation_hours': [0.0]}}",2025-01-01,3,3.6,9.2,-2.0,-0.2,5.4,-5.6,11.9,24.5,24,12.06,1.61,2025-01-01T08:14,2025-01-01T18:05,35473.41,31957.99,0.0,0.0,0.0,0.0
30,01/01/2025 00:00,10140,ABQ,"Albuquerque, NM",New Mexico,11298,DFW,"Dallas/Fort Worth, TX",Texas,0.0,0.0,0.0,0.0,0,,ABQ,Albuquerque International Sunport,Albuquerque,NM,USA,35.04022,-106.60919,"{'latitude': 35.043934, 'longitude': -106.60306, 'generationtime_ms': 0.6697177886962891, 'utc_offset_seconds': -21600, 'timezone': 'America/Denver', 'timezone_abbreviation': 'GMT-6', 'elevation': 1617.0, 'daily_units': {'time': 'iso8601', 'weather_code': 'wmo code', 'temperature_2m_mean': '°C', 'temperature_2m_max': '°C', 'temperature_2m_min': '°C', 'apparent_temperature_mean': '°C', 'apparent_temperature_max': '°C', 'apparent_temperature_min': '°C', 'wind_speed_10m_max': 'km/h', 'wind_gusts_10m_max': 'km/h', 'wind_direction_10m_dominant': '°', 'shortwave_radiation_sum': 'MJ/m²', 'et0_fao_evapotranspiration': 'mm', 'sunrise': 'iso8601', 'sunset': 'iso8601', 'daylight_duration': 's', 'sunshine_duration': 's', 'precipitation_sum': 'mm', 'rain_sum': 'mm', 'snowfall_sum': 'cm', 'precipitation_hours': 'h'}, 'daily': {'time': ['2025-01-01'], 'weather_code': [3], 'temperature_2m_mean': [3.6], 'temperature_2m_max': [9.2], 'temperature_2m_min': [-2.0], 'apparent_temperature_mean': [-0.2], 'apparent_temperature_max': [5.4], 'apparent_temperature_min': [-5.6], 'wind_speed_10m_max': [11.9], 'wind_gusts_10m_max': [24.5], 'wind_direction_10m_dominant': [24], 'shortwave_radiation_sum': [12.06], 'et0_fao_evapotranspiration': [1.61], 'sunrise': ['2025-01-01T08:14'], 'sunset': ['2025-01-01T18:05'], 'daylight_duration': [35473.41], 'sunshine_duration': [31957.99], 'precipitation_sum': [0.0], 'rain_sum': [0.0], 'snowfall_sum': [0.0], 'precipitation_hours': [0.0]}}",2025-01-01,3,3.6,9.2,-2.0,-0.2,5.4,-5.6,11.9,24.5,24,12.06,1.61,2025-01-01T08:14,2025-01-01T18:05,35473.41,31957.99,0.0,0.0,0.0,0.0
31,01/01/2025 00:00,10140,ABQ,"Albuquerque, NM",New Mexico,11298,DFW,"Dallas/Fort Worth, TX",Texas,0.0,0.0,0.0,0.0,0,,ABQ,Albuquerque International Sunport,Albuquerque,NM,USA,35.04022,-106.60919,"{'latitude': 35.043934, 'longitude': -106.60306, 'generationtime_ms': 0.6135702133178711, 'utc_offset_seconds': -21600, 'timezone': 'America/Denver', 'timezone_abbreviation': 'GMT-6', 'elevation': 1617.0, 'daily_units': {'time': 'iso8601', 'weather_code': 'wmo code', 'temperature_2m_mean': '°C', 'temperature_2m_max': '°C', 'temperature_2m_min': '°C', 'apparent_temperature_mean': '°C', 'apparent_temperature_max': '°C', 'apparent_temperature_min': '°C', 'wind_speed_10m_max': 'km/h', 'wind_gusts_10m_max': 'km/h', 'wind_direction_10m_dominant': '°', 'shortwave_radiation_sum': 'MJ/m²', 'et0_fao_evapotranspiration': 'mm', 'sunrise': 'iso8601', 'sunset': 'iso8601', 'daylight_duration': 's', 'sunshine_duration': 's', 'precipitation_sum': 'mm', 'rain_sum': 'mm', 'snowfall_sum': 'cm', 'precipitation_hours': 'h'}, 'daily': {'time': ['2025-01-01'], 'weather_code': [3], 'temperature_2m_mean': [3.6], 'temperature_2m_max': [9.2], 'temperature_2m_min': [-2.0], 'apparent_temperature_mean': [-0.2], 'apparent_temperature_max': [5.4], 'apparent_temperature_min': [-5.6], 'wind_speed_10m_max': [11.9], 'wind_gusts_10m_max': [24.5], 'wind_direction_10m_dominant': [24], 'shortwave_radiation_sum': [12.06], 'et0_fao_evapotranspiration': [1.61], 'sunrise': ['2025-01-01T08:14'], 'sunset': ['2025-01-01T18:05'], 'daylight_duration': [35473.41], 'sunshine_duration': [31957.99], 'precipitation_sum': [0.0], 'rain_sum': [0.0], 'snowfall_sum': [0.0], 'precipitation_hours': [0.0]}}",2025-01-01,3,3.6,9.2,-2.0,-0.2,5.4,-5.6,11.9,24.5,24,12.06,1.61,2025-01-01T08:14,2025-01-01T18:05,35473.41,31957.99,0.0,0.0,0.0,0.0
32,01/01/2025 00:00,10140,ABQ,"Albuquerque, NM",New Mexico,11298,DFW,"Dallas/Fort Worth, TX",Texas,0.0,0.0,0.0,0.0,0,,ABQ,Albuquerque International Sunport,Albuquerque,NM,USA,35.04022,-106.60919,"{'latitude': 35.043934, 'longitude': -106.60306, 'generationtime_ms': 0.6000995635986328, 'utc_offset_seconds': -21600, 'timezone': 'America/Denver', 'timezone_abbreviation': 'GMT-6', 'elevation': 1617.0, 'daily_units': {'time': 'iso8601', 'weather_code': 'wmo code', 'temperature_2m_mean': '°C', 'temperature_2m_max': '°C', 'temperature_2m_min': '°C', 'apparent_temperature_mean': '°C', 'apparent_temperature_max': '°C', 'apparent_temperature_min': '°C', 'wind_speed_10m_max': 'km/h', 'wind_gusts_10m_max': 'km/h', 'wind_direction_10m_dominant': '°', 'shortwave_radiation_sum': 'MJ/m²', 'et0_fao_evapotranspiration': 'mm', 'sunrise': 'iso8601', 'sunset': 'iso8601', 'daylight_duration': 's', 'sunshine_duration': 's', 'precipitation_sum': 'mm', 'rain_sum': 'mm', 'snowfall_sum': 'cm', 'precipitation_hours': 'h'}, 'daily': {'time': ['2025-01-01'], 'weather_code': [3], 'temperature_2m_mean': [3.6], 'temperature_2m_max': [9.2], 'temperature_2m_min': [-2.0], 'apparent_temperature_mean': [-0.2], 'apparent_temperature_max': [5.4], 'apparent_temperature_min': [-5.6], 'wind_speed_10m_max': [11.9], 'wind_gusts_10m_max': [24.5], 'wind_direction_10m_dominant': [24], 'shortwave_radiation_sum': [12.06], 'et0_fao_evapotranspiration': [1.61], 'sunrise': ['2025-01-01T08:14'], 'sunset': ['2025-01-01T18:05'], 'daylight_duration': [35473.41], 'sunshine_duration': [31957.99], 'precipitation_sum': [0.0], 'rain_sum': [0.0], 'snowfall_sum': [0.0], 'precipitation_hours': [0.0]}}",2025-01-01,3,3.6,9.2,-2.0,-0.2,5.4,-5.6,11.9,24.5,24,12.06,1.61,2025-01-01T08:14,2025-01-01T18:05,35473.41,31957.99,0.0,0.0,0.0,0.0
33,01/01/2025 00:00,10140,ABQ,"Albuquerque, NM",New Mexico,11298,DFW,"Dallas/Fort Worth, TX",Texas,2.0,0.0,0.0,0.0,0,,ABQ,Albuquerque International Sunport,Albuquerque,NM,USA,35.04022,-106.60919,"{'latitude': 35.043934, 'longitude': -106.60306, 'generationtime_ms': 0.5650520324707031, 'utc_offset_seconds': -21600, 'timezone': 'America/Denver', 'timezone_abbreviation': 'GMT-6', 'elevation': 1617.0, 'daily_units': {'time': 'iso8601', 'weather_code': 'wmo code', 'temperature_2m_mean': '°C', 'temperature_2m_max': '°C', 'temperature_2m_min': '°C', 'apparent_temperature_mean': '°C', 'apparent_temperature_max': '°C', 'apparent_temperature_min': '°C', 'wind_speed_10m_max': 'km/h', 'wind_gusts_10m_max': 'km/h', 'wind_direction_10m_dominant': '°', 'shortwave_radiation_sum': 'MJ/m²', 'et0_fao_evapotranspiration': 'mm', 'sunrise': 'iso8601', 'sunset': 'iso8601', 'daylight_duration': 's', 'sunshine_duration': 's', 'precipitation_sum': 'mm', 'rain_sum': 'mm', 'snowfall_sum': 'cm', 'precipitation_hours': 'h'}, 'daily': {'time': ['2025-01-01'], 'weather_code': [3], 'temperature_2m_mean': [3.6], 'temperature_2m_max': [9.2], 'temperature_2m_min': [-2.0], 'apparent_temperature_mean': [-0.2], 'apparent_temperature_max': [5.4], 'apparent_temperature_min': [-5.6], 'wind_speed_10m_max': [11.9], 'wind_gusts_10m_max': [24.5], 'wind_direction_10m_dominant': [24], 'shortwave_radiation_sum': [12.06], 'et0_fao_evapotranspiration': [1.61], 'sunrise': ['2025-01-01T08:14'], 'sunset': ['2025-01-01T18:05'], 'daylight_duration': [35473.41], 'sunshine_duration': [31957.99], 'precipitation_sum': [0.0], 'rain_sum': [0.0], 'snowfall_sum': [0.0], 'precipitation_hours': [0.0]}}",2025-01-01,3,3.6,9.2,-2.0,-0.2,5.4,-5.6,11.9,24.5,24,12.06,1.61,2025-01-01T08:14,2025-01-01T18:05,35473.41,31957.99,0.0,0.0,0.0,0.0
34,01/01/2025 00:00,10140,ABQ,"Albuquerque, NM",New Mexico,11298,DFW,"Dallas/Fort Worth, TX",Texas,7.0,0.0,17.0,1.0,0,0.0,ABQ,Albuquerque International Sunport,Albuquerque,NM,USA,35.04022,-106.60919,"{'latitude': 35.043934, 'longitude': -106.60306, 'generationtime_ms': 0.616908073425293, 'utc_offset_seconds': -21600, 'timezone': 'America/Denver', 'timezone_abbreviation': 'GMT-6', 'elevation': 1617.0, 'daily_units': {'time': 'iso8601', 'weather_code': 'wmo code', 'temperature_2m_mean': '°C', 'temperature_2m_max': '°C', 'temperature_2m_min': '°C', 'apparent_temperature_mean': '°C', 'apparent_temperature_max': '°C', 'apparent_temperature_min': '°C', 'wind_speed_10m_max': 'km/h', 'wind_gusts_10m_max': 'km/h', 'wind_direction_10m_dominant': '°', 'shortwave_radiation_sum': 'MJ/m²', 'et0_fao_evapotranspiration': 'mm', 'sunrise': 'iso8601', 'sunset': 'iso8601', 'daylight_duration': 's', 'sunshine_duration': 's', 'precipitation_sum': 'mm', 'rain_sum': 'mm', 'snowfall_sum': 'cm', 'precipitation_hours': 'h'}, 'daily': {'time': ['2025-01-01'], 'weather_code': [3], 'temperature_2m_mean': [3.6], 'temperature_2m_max': [9.2], 'temperature_2m_min': [-2.0], 'apparent_temperature_mean': [-0.2], 'apparent_temperature_max': [5.4], 'apparent_temperature_min': [-5.6], 'wind_speed_10m_max': [11.9], 'wind_gusts_10m_max': [24.5], 'wind_direction_10m_dominant': [24], 'shortwave_radiation_sum': [12.06], 'et0_fao_evapotranspiration': [1.61], 'sunrise': ['2025-01-01T08:14'], 'sunset': ['2025-01-01T18:05'], 'daylight_duration': [35473.41], 'sunshine_duration': [31957.99], 'precipitation_sum': [0.0], 'rain_sum': [0.0], 'snowfall_sum': [0.0], 'precipitation_hours': [0.0]}}",2025-01-01,3,3.6,9.2,-2.0,-0.2,5.4,-5.6,11.9,24.5,24,12.06,1.61,2025-01-01T08:14,2025-01-01T18:05,35473.41,31957.99,0.0,0.0,0.0,0.0
35,01/01/2025 00:00,10140,ABQ,"Albuquerque, NM",New Mexico,11298,DFW,"Dallas/Fort Worth, TX",Texas,9.0,0.0,1.0,0.0,0,,ABQ,Albuquerque International Sunport,Albuquerque,NM,USA,35.04022,-106.60919,"{'latitude': 35.043934, 'longitude': -106.60306, 'generationtime_ms': 0.8279085159301758, 'utc_offset_seconds': -21600, 'timezone': 'America/Denver', 'timezone_abbreviation': 'GMT-6', 'elevation': 1617.0, 'daily_units': {'time': 'iso8601', 'weather_code': 'wmo code', 'temperature_2m_mean': '°C', 'temperature_2m_max': '°C', 'temperature_2m_min': '°C', 'apparent_temperature_mean': '°C', 'apparent_temperature_max': '°C', 'apparent_temperature_min': '°C', 'wind_speed_10m_max': 'km/h', 'wind_gusts_10m_max': 'km/h', 'wind_direction_10m_dominant': '°', 'shortwave_radiation_sum': 'MJ/m²', 'et0_fao_evapotranspiration': 'mm', 'sunrise': 'iso8601', 'sunset': 'iso8601', 'daylight_duration': 's', 'sunshine_duration': 's', 'precipitation_sum': 'mm', 'rain_sum': 'mm', 'snowfall_sum': 'cm', 'precipitation_hours': 'h'}, 'daily': {'time': ['2025-01-01'], 'weather_code': [3], 'temperature_2m_mean': [3.6], 'temperature_2m_max': [9.2], 'temperature_2m_min': [-2.0], 'apparent_temperature_mean': [-0.2], 'apparent_temperature_max': [5.4], 'apparent_temperature_min': [-5.6], 'wind_speed_10m_max': [11.9], 'wind_gusts_10m_max': [24.5], 'wind_direction_10m_dominant': [24], 'shortwave_radiation_sum': [12.06], 'et0_fao_evapotranspiration': [1.61], 'sunrise': ['2025-01-01T08:14'], 'sunset': ['2025-01-01T18:05'], 'daylight_duration': [35473.41], 'sunshine_duration': [31957.99], 'precipitation_sum': [0.0], 'rain_sum': [0.0], 'snowfall_sum': [0.0], 'precipitation_hours': [0.0]}}",2025-01-01,3,3.6,9.2,-2.0,-0.2,5.4,-5.6,11.9,24.5,24,12.06,1.61,2025-01-01T08:14,2025-01-01T18:05,35473.41,31957.99,0.0,0.0,0.0,0.0
36,01/01/2025 00:00,10140,ABQ,"Albuquerque, NM",New Mexico,12191,HOU,"Houston, TX",Texas,0.0,0.0,0.0,0.0,0,,ABQ,Albuquerque International Sunport,Albuquerque,NM,USA,35.04022,-106.60919,"{'latitude': 35.043934, 'longitude': -106.60306, 'generationtime_ms': 0.4584789276123047, 'utc_offset_seconds': -21600, 'timezone': 'America/Denver', 'timezone_abbreviation': 'GMT-6', 'elevation': 1617.0, 'daily_units': {'time': 'iso8601', 'weather_code': 'wmo code', 'temperature_2m_mean': '°C', 'temperature_2m_max': '°C', 'temperature_2m_min': '°C', 'apparent_temperature_mean': '°C', 'apparent_temperature_max': '°C', 'apparent_temperature_min': '°C', 'wind_speed_10m_max': 'km/h', 'wind_gusts_10m_max': 'km/h', 'wind_direction_10m_dominant': '°', 'shortwave_radiation_sum': 'MJ/m²', 'et0_fao_evapotranspiration': 'mm', 'sunrise': 'iso8601', 'sunset': 'iso8601', 'daylight_duration': 's', 'sunshine_duration': 's', 'precipitation_sum': 'mm', 'rain_sum': 'mm', 'snowfall_sum': 'cm', 'precipitation_hours': 'h'}, 'daily': {'time': ['2025-01-01'], 'weather_code': [3], 'temperature_2m_mean': [3.6], 'temperature_2m_max': [9.2], 'temperature_2m_min': [-2.0], 'apparent_temperature_mean': [-0.2], 'apparent_temperature_max': [5.4], 'apparent_temperature_min': [-5.6], 'wind_speed_10m_max': [11.9], 'wind_gusts_10m_max': [24.5], 'wind_direction_10m_dominant': [24], 'shortwave_radiation_sum': [12.06], 'et0_fao_evapotranspiration': [1.61], 'sunrise': ['2025-01-01T08:14'], 'sunset': ['2025-01-01T18:05'], 'daylight_duration': [35473.41], 'sunshine_duration': [31957.99], 'precipitation_sum': [0.0], 'rain_sum': [0.0], 'snowfall_sum': [0.0], 'precipitation_hours': [0.0]}}",2025-01-01,3,3.6,9.2,-2.0,-0.2,5.4,-5.6,11.9,24.5,24,12.06,1.61,2025-01-01T08:14,2025-01-01T18:05,35473.41,31957.99,0.0,0.0,0.0,0.0
37,01/01/2025 00:00,10140,ABQ,"Albuquerque, NM",New Mexico,12191,HOU,"Houston, TX",Texas,1.0,0.0,0.0,0.0,0,,ABQ,Albuquerque International Sunport,Albuquerque,NM,USA,35.04022,-106.60919,"{'latitude': 35.043934, 'longitude': -106.60306, 'generationtime_ms': 0.5077123641967773, 'utc_offset_seconds': -21600, 'timezone': 'America/Denver', 'timezone_abbreviation': 'GMT-6', 'elevation': 1617.0, 'daily_units': {'time': 'iso8601', 'weather_code': 'wmo code', 'temperature_2m_mean': '°C', 'temperature_2m_max': '°C', 'temperature_2m_min': '°C', 'apparent_temperature_mean': '°C', 'apparent_temperature_max': '°C', 'apparent_temperature_min': '°C', 'wind_speed_10m_max': 'km/h', 'wind_gusts_10m_max': 'km/h', 'wind_direction_10m_dominant': '°', 'shortwave_radiation_sum': 'MJ/m²', 'et0_fao_evapotranspiration': 'mm', 'sunrise': 'iso8601', 'sunset': 'iso8601', 'daylight_duration': 's', 'sunshine_duration': 's', 'precipitation_sum': 'mm', 'rain_sum': 'mm', 'snowfall_sum': 'cm', 'precipitation_hours': 'h'}, 'daily': {'time': ['2025-01-01'], 'weather_code': [3], 'temperature_2m_mean': [3.6], 'temperature_2m_max': [9.2], 'temperature_2m_min': [-2.0], 'apparent_temperature_mean': [-0.2], 'apparent_temperature_max': [5.4], 'apparent_temperature_min': [-5.6], 'wind_speed_10m_max': [11.9], 'wind_gusts_10m_max': [24.5], 'wind_direction_10m_dominant': [24], 'shortwave_radiation_sum': [12.06], 'et0_fao_evapotranspiration': [1.61], 'sunrise': ['2025-01-01T08:14'], 'sunset': ['2025-01-01T18:05'], 'daylight_duration': [35473.41], 'sunshine_duration': [31957.99], 'precipitation_sum': [0.0], 'rain_sum': [0.0], 'snowfall_sum': [0.0], 'precipitation_hours': [0.0]}}",2025-01-01,3,3.6,9.2,-2.0,-0.2,5.4,-5.6,11.9,24.5,24,12.06,1.61,2025-01-01T08:14,2025-01-01T18:05,35473.41,31957.99,0.0,0.0,0.0,0.0
38,01/01/2025 00:00,10140,ABQ,"Albuquerque, NM",New Mexico,12266,IAH,"Houston, TX",Texas,0.0,0.0,0.0,0.0,0,,ABQ,Albuquerque International Sunport,Albuquerque,NM,USA,35.04022,-106.60919,"{'latitude': 35.043934, 'longitude': -106.60306, 'generationtime_ms': 0.38182735443115234, 'utc_offset_seconds': -21600, 'timezone': 'America/Denver', 'timezone_abbreviation': 'GMT-6', 'elevation': 1617.0, 'daily_units': {'time': 'iso8601', 'weather_code': 'wmo code', 'temperature_2m_mean': '°C', 'temperature_2m_max': '°C', 'temperature_2m_min': '°C', 'apparent_temperature_mean': '°C', 'apparent_temperature_max': '°C', 'apparent_temperature_min': '°C', 'wind_speed_10m_max': 'km/h', 'wind_gusts_10m_max': 'km/h', 'wind_direction_10m_dominant': '°', 'shortwave_radiation_sum': 'MJ/m²', 'et0_fao_evapotranspiration': 'mm', 'sunrise': 'iso8601', 'sunset': 'iso8601', 'daylight_duration': 's', 'sunshine_duration': 's', 'precipitation_sum': 'mm', 'rain_sum': 'mm', 'snowfall_sum': 'cm', 'precipitation_hours': 'h'}, 'daily': {'time': ['2025-01-01'], 'weather_code': [3], 'temperature_2m_mean': [3.6], 'temperature_2m_max': [9.2], 'temperature_2m_min': [-2.0], 'apparent_temperature_mean': [-0.2], 'apparent_temperature_max': [5.4], 'apparent_temperature_min': [-5.6], 'wind_speed_10m_max': [11.9], 'wind_gusts_10m_max': [24.5], 'wind_direction_10m_dominant': [24], 'shortwave_radiation_sum': [12.06], 'et0_fao_evapotranspiration': [1.61], 'sunrise': ['2025-01-01T08:14'], 'sunset': ['2025-01-01T18:05'], 'daylight_duration': [35473.41], 'sunshine_duration': [31957.99], 'precipitation_sum': [0.0], 'rain_sum': [0.0], 'snowfall_sum': [0.0], 'precipitation_hours': [0.0]}}",2025-01-01,3,3.6,9.2,-2.0,-0.2,5.4,-5.6,11.9,24.5,24,12.06,1.61,2025-01-01T08:14,2025-01-01T18:05,35473.41,31957.99,0.0,0.0,0.0,0.0
39,01/01/2025 00:00,10140,ABQ,"Albuquerque, NM",New Mexico,12889,LAS,"Las Vegas, NV",Nevada,0.0,0.0,0.0,0.0,0,,ABQ,Albuquerque International Sunport,Albuquerque,NM,USA,35.04022,-106.60919,"{'latitude': 35.043934, 'longitude': -106.60306, 'generationtime_ms': 0.34689903259277344, 'utc_offset_seconds': -21600, 'timezone': 'America/Denver', 'timezone_abbreviation': 'GMT-6', 'elevation': 1617.0, 'daily_units': {'time': 'iso8601', 'weather_code': 'wmo code', 'temperature_2m_mean': '°C', 'temperature_2m_max': '°C', 'temperature_2m_min': '°C', 'apparent_temperature_mean': '°C', 'apparent_temperature_max': '°C', 'apparent_temperature_min': '°C', 'wind_speed_10m_max': 'km/h', 'wind_gusts_10m_max': 'km/h', 'wind_direction_10m_dominant': '°', 'shortwave_radiation_sum': 'MJ/m²', 'et0_fao_evapotranspiration': 'mm', 'sunrise': 'iso8601', 'sunset': 'iso8601', 'daylight_duration': 's', 'sunshine_duration': 's', 'precipitation_sum': 'mm', 'rain_sum': 'mm', 'snowfall_sum': 'cm', 'precipitation_hours': 'h'}, 'daily': {'time': ['2025-01-01'], 'weather_code': [3], 'temperature_2m_mean': [3.6], 'temperature_2m_max': [9.2], 'temperature_2m_min': [-2.0], 'apparent_temperature_mean': [-0.2], 'apparent_temperature_max': [5.4], 'apparent_temperature_min': [-5.6], 'wind_speed_10m_max': [11.9], 'wind_gusts_10m_max': [24.5], 'wind_direction_10m_dominant': [24], 'shortwave_radiation_sum': [12.06], 'et0_fao_evapotranspiration': [1.61], 'sunrise': ['2025-01-01T08:14'], 'sunset': ['2025-01-01T18:05'], 'daylight_duration': [35473.41], 'sunshine_duration': [31957.99], 'precipitation_sum': [0.0], 'rain_sum': [0.0], 'snowfall_sum': [0.0], 'precipitation_hours': [0.0]}}",2025-01-01,3,3.6,9.2,-2.0,-0.2,5.4,-5.6,11.9,24.5,24,12.06,1.61,2025-01-01T08:14,2025-01-01T18:05,35473.41,31957.99,0.0,0.0,0.0,0.0
40,01/01/2025 00:00,10140,ABQ,"Albuquerque, NM",New Mexico,12889,LAS,"Las Vegas, NV",Nevada,0.0,0.0,0.0,0.0,0,,ABQ,Albuquerque International Sunport,Albuquerque,NM,USA,35.04022,-106.60919,"{'latitude': 35.043934, 'longitude': -106.60306, 'generationtime_ms': 0.5567073822021484, 'utc_offset_seconds': -21600, 'timezone': 'America/Denver', 'timezone_abbreviation': 'GMT-6', 'elevation': 1617.0, 'daily_units': {'time': 'iso8601', 'weather_code': 'wmo code', 'temperature_2m_mean': '°C', 'temperature_2m_max': '°C', 'temperature_2m_min': '°C', 'apparent_temperature_mean': '°C', 'apparent_temperature_max': '°C', 'apparent_temperature_min': '°C', 'wind_speed_10m_max': 'km/h', 'wind_gusts_10m_max': 'km/h', 'wind_direction_10m_dominant': '°', 'shortwave_radiation_sum': 'MJ/m²', 'et0_fao_evapotranspiration': 'mm', 'sunrise': 'iso8601', 'sunset': 'iso8601', 'daylight_duration': 's', 'sunshine_duration': 's', 'precipitation_sum': 'mm', 'rain_sum': 'mm', 'snowfall_sum': 'cm', 'precipitation_hours': 'h'}, 'daily': {'time': ['2025-01-01'], 'weather_code': [3], 'temperature_2m_mean': [3.6], 'temperature_2m_max': [9.2], 'temperature_2m_min': [-2.0], 'apparent_temperature_mean': [-0.2], 'apparent_temperature_max': [5.4], 'apparent_temperature_min': [-5.6], 'wind_speed_10m_max': [11.9], 'wind_gusts_10m_max': [24.5], 'wind_direction_10m_dominant': [24], 'shortwave_radiation_sum': [12.06], 'et0_fao_evapotranspiration': [1.61], 'sunrise': ['2025-01-01T08:14'], 'sunset': ['2025-01-01T18:05'], 'daylight_duration': [35473.41], 'sunshine_duration': [31957.99], 'precipitation_sum': [0.0], 'rain_sum': [0.0], 'snowfall_sum': [0.0], 'precipitation_hours': [0.0]}}",2025-01-01,3,3.6,9.2,-2.0,-0.2,5.4,-5.6,11.9,24.5,24,12.06,1.61,2025-01-01T08:14,2025-01-01T18:05,35473.41,31957.99,0.0,0.0,0.0,0.0
41,01/01/2025 00:00,10140,ABQ,"Albuquerque, NM",New Mexico,12889,LAS,"Las Vegas, NV",Nevada,0.0,0.0,0.0,0.0,0,,ABQ,Albuquerque International Sunport,Albuquerque,NM,USA,35.04022,-106.60919,"{'latitude': 35.043934, 'longitude': -106.60306, 'generationtime_ms': 0.540614128112793, 'utc_offset_seconds': -21600, 'timezone': 'America/Denver', 'timezone_abbreviation': 'GMT-6', 'elevation': 1617.0, 'daily_units': {'time': 'iso8601', 'weather_code': 'wmo code', 'temperature_2m_mean': '°C', 'temperature_2m_max': '°C', 'temperature_2m_min': '°C', 'apparent_temperature_mean': '°C', 'apparent_temperature_max': '°C', 'apparent_temperature_min': '°C', 'wind_speed_10m_max': 'km/h', 'wind_gusts_10m_max': 'km/h', 'wind_direction_10m_dominant': '°', 'shortwave_radiation_sum': 'MJ/m²', 'et0_fao_evapotranspiration': 'mm', 'sunrise': 'iso8601', 'sunset': 'iso8601', 'daylight_duration': 's', 'sunshine_duration': 's', 'precipitation_sum': 'mm', 'rain_sum': 'mm', 'snowfall_sum': 'cm', 'precipitation_hours': 'h'}, 'daily': {'time': ['2025-01-01'], 'weather_code': [3], 'temperature_2m_mean': [3.6], 'temperature_2m_max': [9.2], 'temperature_2m_min': [-2.0], 'apparent_temperature_mean': [-0.2], 'apparent_temperature_max': [5.4], 'apparent_temperature_min': [-5.6], 'wind_speed_10m_max': [11.9], 'wind_gusts_10m_max': [24.5], 'wind_direction_10m_dominant': [24], 'shortwave_radiation_sum': [12.06], 'et0_fao_evapotranspiration': [1.61], 'sunrise': ['2025-01-01T08:14'], 'sunset': ['2025-01-01T18:05'], 'daylight_duration': [35473.41], 'sunshine_duration': [31957.99], 'precipitation_sum': [0.0], 'rain_sum': [0.0], 'snowfall_sum': [0.0], 'precipitation_hours': [0.0]}}",2025-01-01,3,3.6,9.2,-2.0,-0.2,5.4,-5.6,11.9,24.5,24,12.06,1.61,2025-01-01T08:14,2025-01-01T18:05,35473.41,31957.99,0.0,0.0,0.0,0.0
42,01/01/2025 00:00,10140,ABQ,"Albuquerque, NM",New Mexico,12889,LAS,"Las Vegas, NV",Nevada,4.0,0.0,4.0,0.0,0,,ABQ,Albuquerque International Sunport,Albuquerque,NM,USA,35.04022,-106.60919,"{'latitude': 35.043934, 'longitude': -106.60306, 'generationtime_ms': 0.49865245819091797, 'utc_offset_seconds': -21600, 'timezone': 'America/Denver', 'timezone_abbreviation': 'GMT-6', 'elevation': 1617.0, 'daily_units': {'time': 'iso8601', 'weather_code': 'wmo code', 'temperature_2m_mean': '°C', 'temperature_2m_max': '°C', 'temperature_2m_min': '°C', 'apparent_temperature_mean': '°C', 'apparent_temperature_max': '°C', 'apparent_temperature_min': '°C', 'wind_speed_10m_max': 'km/h', 'wind_gusts_10m_max': 'km/h', 'wind_direction_10m_dominant': '°', 'shortwave_radiation_sum': 'MJ/m²', 'et0_fao_evapotranspiration': 'mm', 'sunrise': 'iso8601', 'sunset': 'iso8601', 'daylight_duration': 's', 'sunshine_duration': 's', 'precipitation_sum': 'mm', 'rain_sum': 'mm', 'snowfall_sum': 'cm', 'precipitation_hours': 'h'}, 'daily': {'time': ['2025-01-01'], 'weather_code': [3], 'temperature_2m_mean': [3.6], 'temperature_2m_max': [9.2], 'temperature_2m_min': [-2.0], 'apparent_temperature_mean': [-0.2], 'apparent_temperature_max': [5.4], 'apparent_temperature_min': [-5.6], 'wind_speed_10m_max': [11.9], 'wind_gusts_10m_max': [24.5], 'wind_direction_10m_dominant': [24], 'shortwave_radiation_sum': [12.06], 'et0_fao_evapotranspiration': [1.61], 'sunrise': ['2025-01-01T08:14'], 'sunset': ['2025-01-01T18:05'], 'daylight_duration': [35473.41], 'sunshine_duration': [31957.99], 'precipitation_sum': [0.0], 'rain_sum': [0.0], 'snowfall_sum': [0.0], 'precipitation_hours': [0.0]}}",2025-01-01,3,3.6,9.2,-2.0,-0.2,5.4,-5.6,11.9,24.5,24,12.06,1.61,2025-01-01T08:14,2025-01-01T18:05,35473.41,31957.99,0.0,0.0,0.0,0.0
43,01/01/2025 00:00,10140,ABQ,"Albuquerque, NM",New Mexico,12889,LAS,"Las Vegas, NV",Nevada,6.0,0.0,0.0,0.0,0,,ABQ,Albuquerque International Sunport,Albuquerque,NM,USA,35.04022,-106.60919,"{'latitude': 35.043934, 'longitude': -106.60306, 'generationtime_ms': 0.4723072052001953, 'utc_offset_seconds': -21600, 'timezone': 'America/Denver', 'timezone_abbreviation': 'GMT-6', 'elevation': 1617.0, 'daily_units': {'time': 'iso8601', 'weather_code': 'wmo code', 'temperature_2m_mean': '°C', 'temperature_2m_max': '°C', 'temperature_2m_min': '°C', 'apparent_temperature_mean': '°C', 'apparent_temperature_max': '°C', 'apparent_temperature_min': '°C', 'wind_speed_10m_max': 'km/h', 'wind_gusts_10m_max': 'km/h', 'wind_direction_10m_dominant': '°', 'shortwave_radiation_sum': 'MJ/m²', 'et0_fao_evapotranspiration': 'mm', 'sunrise': 'iso8601', 'sunset': 'iso8601', 'daylight_duration': 's', 'sunshine_duration': 's', 'precipitation_sum': 'mm', 'rain_sum': 'mm', 'snowfall_sum': 'cm', 'precipitation_hours': 'h'}, 'daily': {'time': ['2025-01-01'], 'weather_code': [3], 'temperature_2m_mean': [3.6], 'temperature_2m_max': [9.2], 'temperature_2m_min': [-2.0], 'apparent_temperature_mean': [-0.2], 'apparent_temperature_max': [5.4], 'apparent_temperature_min': [-5.6], 'wind_speed_10m_max': [11.9], 'wind_gusts_10m_max': [24.5], 'wind_direction_10m_dominant': [24], 'shortwave_radiation_sum': [12.06], 'et0_fao_evapotranspiration': [1.61], 'sunrise': ['2025-01-01T08:14'], 'sunset': ['2025-01-01T18:05'], 'daylight_duration': [35473.41], 'sunshine_duration': [31957.99], 'precipitation_sum': [0.0], 'rain_sum': [0.0], 'snowfall_sum': [0.0], 'precipitation_hours': [0.0]}}",2025-01-01,3,3.6,9.2,-2.0,-0.2,5.4,-5.6,11.9,24.5,24,12.06,1.61,2025-01-01T08:14,2025-01-01T18:05,35473.41,31957.99,0.0,0.0,0.0,0.0
44,01/01/2025 00:00,10140,ABQ,"Albuquerque, NM",New Mexico,12892,LAX,"Los Angeles, CA",California,0.0,0.0,0.0,0.0,0,,ABQ,Albuquerque International Sunport,Albuquerque,NM,USA,35.04022,-106.60919,"{'latitude': 35.043934, 'longitude': -106.60306, 'generationtime_ms': 0.41854381561279297, 'utc_offset_seconds': -21600, 'timezone': 'America/Denver', 'timezone_abbreviation': 'GMT-6', 'elevation': 1617.0, 'daily_units': {'time': 'iso8601', 'weather_code': 'wmo code', 'temperature_2m_mean': '°C', 'temperature_2m_max': '°C', 'temperature_2m_min': '°C', 'apparent_temperature_mean': '°C', 'apparent_temperature_max': '°C', 'apparent_temperature_min': '°C', 'wind_speed_10m_max': 'km/h', 'wind_gusts_10m_max': 'km/h', 'wind_direction_10m_dominant': '°', 'shortwave_radiation_sum': 'MJ/m²', 'et0_fao_evapotranspiration': 'mm', 'sunrise': 'iso8601', 'sunset': 'iso8601', 'daylight_duration': 's', 'sunshine_duration': 's', 'precipitation_sum': 'mm', 'rain_sum': 'mm', 'snowfall_sum': 'cm', 'precipitation_hours': 'h'}, 'daily': {'time': ['2025-01-01'], 'weather_code': [3], 'temperature_2m_mean': [3.6], 'temperature_2m_max': [9.2], 'temperature_2m_min': [-2.0], 'apparent_temperature_mean': [-0.2], 'apparent_temperature_max': [5.4], 'apparent_temperature_min': [-5.6], 'wind_speed_10m_max': [11.9], 'wind_gusts_10m_max': [24.5], 'wind_direction_10m_dominant': [24], 'shortwave_radiation_sum': [12.06], 'et0_fao_evapotranspiration': [1.61], 'sunrise': ['2025-01-01T08:14'], 'sunset': ['2025-01-01T18:05'], 'daylight_duration': [35473.41], 'sunshine_duration': [31957.99], 'precipitation_sum': [0.0], 'rain_sum': [0.0], 'snowfall_sum': [0.0], 'precipitation_hours': [0.0]}}",2025-01-01,3,3.6,9.2,-2.0,-0.2,5.4,-5.6,11.9,24.5,24,12.06,1.61,2025-01-01T08:14,2025-01-01T18:05,35473.41,31957.99,0.0,0.0,0.0,0.0
45,01/01/2025 00:00,10140,ABQ,"Albuquerque, NM",New Mexico,12892,LAX,"Los Angeles, CA",California,0.0,0.0,0.0,0.0,0,,ABQ,Albuquerque International Sunport,Albuquerque,NM,USA,35.04022,-106.60919,"{'latitude': 35.043934, 'longitude': -106.60306, 'generationtime_ms': 0.4655122756958008, 'utc_offset_seconds': -21600, 'timezone': 'America/Denver', 'timezone_abbreviation': 'GMT-6', 'elevation': 1617.0, 'daily_units': {'time': 'iso8601', 'weather_code': 'wmo code', 'temperature_2m_mean': '°C', 'temperature_2m_max': '°C', 'temperature_2m_min': '°C', 'apparent_temperature_mean': '°C', 'apparent_temperature_max': '°C', 'apparent_temperature_min': '°C', 'wind_speed_10m_max': 'km/h', 'wind_gusts_10m_max': 'km/h', 'wind_direction_10m_dominant': '°', 'shortwave_radiation_sum': 'MJ/m²', 'et0_fao_evapotranspiration': 'mm', 'sunrise': 'iso8601', 'sunset': 'iso8601', 'daylight_duration': 's', 'sunshine_duration': 's', 'precipitation_sum': 'mm', 'rain_sum': 'mm', 'snowfall_sum': 'cm', 'precipitation_hours': 'h'}, 'daily': {'time': ['2025-01-01'], 'weather_code': [3], 'temperature_2m_mean': [3.6], 'temperature_2m_max': [9.2], 'temperature_2m_min': [-2.0], 'apparent_temperature_mean': [-0.2], 'apparent_temperature_max': [5.4], 'apparent_temperature_min': [-5.6], 'wind_speed_10m_max': [11.9], 'wind_gusts_10m_max': [24.5], 'wind_direction_10m_dominant': [24], 'shortwave_radiation_sum': [12.06], 'et0_fao_evapotranspiration': [1.61], 'sunrise': ['2025-01-01T08:14'], 'sunset': ['2025-01-01T18:05'], 'daylight_duration': [35473.41], 'sunshine_duration': [31957.99], 'precipitation_sum': [0.0], 'rain_sum': [0.0], 'snowfall_sum': [0.0], 'precipitation_hours': [0.0]}}",2025-01-01,3,3.6,9.2,-2.0,-0.2,5.4,-5.6,11.9,24.5,24,12.06,1.61,2025-01-01T08:14,2025-01-01T18:05,35473.41,31957.99,0.0,0.0,0.0,0.0
46,01/01/2025 00:00,10140,ABQ,"Albuquerque, NM",New Mexico,12892,LAX,"Los Angeles, CA",California,0.0,0.0,0.0,0.0,0,,ABQ,Albuquerque International Sunport,Albuquerque,NM,USA,35.04022,-106.60919,"{'latitude': 35.043934, 'longitude': -106.60306, 'generationtime_ms': 0.6042718887329102, 'utc_offset_seconds': -21600, 'timezone': 'America/Denver', 'timezone_abbreviation': 'GMT-6', 'elevation': 1617.0, 'daily_units': {'time': 'iso8601', 'weather_code': 'wmo code', 'temperature_2m_mean': '°C', 'temperature_2m_max': '°C', 'temperature_2m_min': '°C', 'apparent_temperature_mean': '°C', 'apparent_temperature_max': '°C', 'apparent_temperature_min': '°C', 'wind_speed_10m_max': 'km/h', 'wind_gusts_10m_max': 'km/h', 'wind_direction_10m_dominant': '°', 'shortwave_radiation_sum': 'MJ/m²', 'et0_fao_evapotranspiration': 'mm', 'sunrise': 'iso8601', 'sunset': 'iso8601', 'daylight_duration': 's', 'sunshine_duration': 's', 'precipitation_sum': 'mm', 'rain_sum': 'mm', 'snowfall_sum': 'cm', 'precipitation_hours': 'h'}, 'daily': {'time': ['2025-01-01'], 'weather_code': [3], 'temperature_2m_mean': [3.6], 'temperature_2m_max': [9.2], 'temperature_2m_min': [-2.0], 'apparent_temperature_mean': [-0.2], 'apparent_temperature_max': [5.4], 'apparent_temperature_min': [-5.6], 'wind_speed_10m_max': [11.9], 'wind_gusts_10m_max': [24.5], 'wind_direction_10m_dominant': [24], 'shortwave_radiation_sum': [12.06], 'et0_fao_evapotranspiration': [1.61], 'sunrise': ['2025-01-01T08:14'], 'sunset': ['2025-01-01T18:05'], 'daylight_duration': [35473.41], 'sunshine_duration': [31957.99], 'precipitation_sum': [0.0], 'rain_sum': [0.0], 'snowfall_sum': [0.0], 'precipitation_hours': [0.0]}}",2025-01-01,3,3.6,9.2,-2.0,-0.2,5.4,-5.6,11.9,24.5,24,12.06,1.61,2025-01-01T08:14,2025-01-01T18:05,35473.41,31957.99,0.0,0.0,0.0,0.0
47,01/01/2025 00:00,10140,ABQ,"Albuquerque, NM",New Mexico,12892,LAX,"Los Angeles, CA",California,5.0,0.0,0.0,0.0,0,,ABQ,Albuquerque International Sunport,Albuquerque,NM,USA,35.04022,-106.60919,"{'latitude': 35.043934, 'longitude': -106.60306, 'generationtime_ms': 0.41031837463378906, 'utc_offset_seconds': -21600, 'timezone': 'America/Denver', 'timezone_abbreviation': 'GMT-6', 'elevation': 1617.0, 'daily_units': {'time': 'iso8601', 'weather_code': 'wmo code', 'temperature_2m_mean': '°C', 'temperature_2m_max': '°C', 'temperature_2m_min': '°C', 'apparent_temperature_mean': '°C', 'apparent_temperature_max': '°C', 'apparent_temperature_min': '°C', 'wind_speed_10m_max': 'km/h', 'wind_gusts_10m_max': 'km/h', 'wind_direction_10m_dominant': '°', 'shortwave_radiation_sum': 'MJ/m²', 'et0_fao_evapotranspiration': 'mm', 'sunrise': 'iso8601', 'sunset': 'iso8601', 'daylight_duration': 's', 'sunshine_duration': 's', 'precipitation_sum': 'mm', 'rain_sum': 'mm', 'snowfall_sum': 'cm', 'precipitation_hours': 'h'}, 'daily': {'time': ['2025-01-01'], 'weather_code': [3], 'temperature_2m_mean': [3.6], 'temperature_2m_max': [9.2], 'temperature_2m_min': [-2.0], 'apparent_temperature_mean': [-0.2], 'apparent_temperature_max': [5.4], 'apparent_temperature_min': [-5.6], 'wind_speed_10m_max': [11.9], 'wind_gusts_10m_max': [24.5], 'wind_direction_10m_dominant': [24], 'shortwave_radiation_sum': [12.06], 'et0_fao_evapotranspiration': [1.61], 'sunrise': ['2025-01-01T08:14'], 'sunset': ['2025-01-01T18:05'], 'daylight_duration': [35473.41], 'sunshine_duration': [31957.99], 'precipitation_sum': [0.0], 'rain_sum': [0.0], 'snowfall_sum': [0.0], 'precipitation_hours': [0.0]}}",2025-01-01,3,3.6,9.2,-2.0,-0.2,5.4,-5.6,11.9,24.5,24,12.06,1.61,2025-01-01T08:14,2025-01-01T18:05,35473.41,31957.99,0.0,0.0,0.0,0.0
48,01/01/2025 00:00,10140,ABQ,"Albuquerque, NM",New Mexico,13198,MCI,"Kansas City, MO",Missouri,15.0,1.0,5.0,0.0,0,,ABQ,Albuquerque International Sunport,Albuquerque,NM,USA,35.04022,-106.60919,"{'latitude': 35.043934, 'longitude': -106.60306, 'generationtime_ms': 0.4260540008544922, 'utc_offset_seconds': -21600, 'timezone': 'America/Denver', 'timezone_abbreviation': 'GMT-6', 'elevation': 1617.0, 'daily_units': {'time': 'iso8601', 'weather_code': 'wmo code', 'temperature_2m_mean': '°C', 'temperature_2m_max': '°C', 'temperature_2m_min': '°C', 'apparent_temperature_mean': '°C', 'apparent_temperature_max': '°C', 'apparent_temperature_min': '°C', 'wind_speed_10m_max': 'km/h', 'wind_gusts_10m_max': 'km/h', 'wind_direction_10m_dominant': '°', 'shortwave_radiation_sum': 'MJ/m²', 'et0_fao_evapotranspiration': 'mm', 'sunrise': 'iso8601', 'sunset': 'iso8601', 'daylight_duration': 's', 'sunshine_duration': 's', 'precipitation_sum': 'mm', 'rain_sum': 'mm', 'snowfall_sum': 'cm', 'precipitation_hours': 'h'}, 'daily': {'time': ['2025-01-01'], 'weather_code': [3], 'temperature_2m_mean': [3.6], 'temperature_2m_max': [9.2], 'temperature_2m_min': [-2.0], 'apparent_temperature_mean': [-0.2], 'apparent_temperature_max': [5.4], 'apparent_temperature_min': [-5.6], 'wind_speed_10m_max': [11.9], 'wind_gusts_10m_max': [24.5], 'wind_direction_10m_dominant': [24], 'shortwave_radiation_sum': [12.06], 'et0_fao_evapotranspiration': [1.61], 'sunrise': ['2025-01-01T08:14'], 'sunset': ['2025-01-01T18:05'], 'daylight_duration': [35473.41], 'sunshine_duration': [31957.99], 'precipitation_sum': [0.0], 'rain_sum': [0.0], 'snowfall_sum': [0.0], 'precipitation_hours': [0.0]}}",2025-01-01,3,3.6,9.2,-2.0,-0.2,5.4,-5.6,11.9,24.5,24,12.06,1.61,2025-01-01T08:14,2025-01-01T18:05,35473.41,31957.99,0.0,0.0,0.0,0.0
49,01/01/2025 00:00,10140,ABQ,"Albuquerque, NM",New Mexico,13232,MDW,"Chicago, IL",Illinois,0.0,0.0,0.0,0.0,0,,ABQ,Albuquerque International Sunport,Albuquerque,NM,USA,35.04022,-106.60919,"{'latitude': 35.043934, 'longitude': -106.60306, 'generationtime_ms': 0.46825408935546875, 'utc_offset_seconds': -21600, 'timezone': 'America/Denver', 'timezone_abbreviation': 'GMT-6', 'elevation': 1617.0, 'daily_units': {'time': 'iso8601', 'weather_code': 'wmo code', 'temperature_2m_mean': '°C', 'temperature_2m_max': '°C', 'temperature_2m_min': '°C', 'apparent_temperature_mean': '°C', 'apparent_temperature_max': '°C', 'apparent_temperature_min': '°C', 'wind_speed_10m_max': 'km/h', 'wind_gusts_10m_max': 'km/h', 'wind_direction_10m_dominant': '°', 'shortwave_radiation_sum': 'MJ/m²', 'et0_fao_evapotranspiration': 'mm', 'sunrise': 'iso8601', 'sunset': 'iso8601', 'daylight_duration': 's', 'sunshine_duration': 's', 'precipitation_sum': 'mm', 'rain_sum': 'mm', 'snowfall_sum': 'cm', 'precipitation_hours': 'h'}, 'daily': {'time': ['2025-01-01'], 'weather_code': [3], 'temperature_2m_mean': [3.6], 'temperature_2m_max': [9.2], 'temperature_2m_min': [-2.0], 'apparent_temperature_mean': [-0.2], 'apparent_temperature_max': [5.4], 'apparent_temperature_min': [-5.6], 'wind_speed_10m_max': [11.9], 'wind_gusts_10m_max': [24.5], 'wind_direction_10m_dominant': [24], 'shortwave_radiation_sum': [12.06], 'et0_fao_evapotranspiration': [1.61], 'sunrise': ['2025-01-01T08:14'], 'sunset': ['2025-01-01T18:05'], 'daylight_duration': [35473.41], 'sunshine_duration': [31957.99], 'precipitation_sum': [0.0], 'rain_sum': [0.0], 'snowfall_sum': [0.0], 'precipitation_hours': [0.0]}}",2025-01-01,3,3.6,9.2,-2.0,-0.2,5.4,-5.6,11.9,24.5,24,12.06,1.61,2025-01-01T08:14,2025-01-01T18:05,35473.41,31957.99,0.0,0.0,0.0,0.0
