,FL_DATE,ORIGIN,LATITUDE_ORIGIN,LONGITUDE_ORIGIN,weather_code,temperature_2m_mean,temperature_2m_max,temperature_2m_min,apparent_temperature_mean,apparent_temperature_max,apparent_temperature_min,wind_speed_10m_max,wind_gusts_10m_max,wind_direction_10m_dominant,shortwave_radiation_sum,et0_fao_evapotranspiration,sunrise,sunset,daylight_duration,sunshine_duration,precipitation_sum,rain_sum,snowfall_sum,precipitation_hours
3256,01/01/2025 00:00,DAB,29.17992,-81.05806,[3.],[16.194],[18.7565],[12.0065],[15.587325],[19.748013],[9.430225],[13.70839],[27.],[319.6329],[14.54],[2.298343],0,0,[37144.996],[33252.48],[0.],[0.],[0.],[0.]
6171,01/01/2025 00:00,EYW,24.55611,-81.75956,[3.],[21.925499],[23.163],[21.163],[23.675394],[26.44791],[21.812372],[25.481922],[34.2],[358.48755],[15.61],[2.302377],0,0,[38333.793],[34172.516],[0.],[0.],[0.],[0.]
6265,01/01/2025 00:00,FLL,26.07258,-80.15275,[51.],[21.942917],[25.5325],[19.432499],[24.044882],[27.365774],[19.918427],[12.346741],[25.199999],[321.0253],[15.16],[2.8054278],0,0,[37966.69],[33436.668],[0.1],[0.1],[0.],[1.]
7804,01/01/2025 00:00,JAX,30.49406,-81.68786,[1.],[13.960167],[18.1435],[9.4935],[11.701987],[18.221601],[6.2559566],[15.2501545],[30.599998],[304.9953],[14.08],[2.4897807],0,0,[36801.066],[32884.55],[0.],[0.],[0.],[0.]
9683,01/01/2025 00:00,MCO,28.42889,-81.31603,[3.],[17.906748],[20.863],[13.513],[17.813602],[20.906067],[11.277758],[11.465024],[24.84],[302.15497],[14.67],[2.5929782],0,0,[37350.656],[33200.9],[0.],[0.],[0.],[0.]
10389,01/01/2025 00:00,MIA,25.79325,-80.29056,[3.],[21.935087],[25.345499],[18.9455],[24.452215],[27.82772],[19.792103],[9.906544],[22.68],[330.6201],[15.11],[2.6905723],0,0,[38037.36],[33106.91],[0.],[0.],[0.],[0.]
12345,01/01/2025 00:00,PBI,26.68316,-80.09559,[3.],[21.446585],[24.9195],[19.369501],[23.49614],[26.514559],[21.676907],[10.096059],[23.4],[300.06848],[13.6],[2.464914],0,0,[37806.35],[32623.598],[0.],[0.],[0.],[0.]
13493,01/01/2025 00:00,PNS,30.47331,-87.18744,[0.],[10.76075],[15.0045],[6.7545004],[7.502461],[11.564079],[3.2708416],[16.04526],[33.12],[355.10004],[14.05],[2.4222238],0,0,[36802.29],[33660.473],[0.],[0.],[0.],[0.]
13947,01/01/2025 00:00,RSW,26.53617,-81.75517,[51.],[21.1445],[25.119501],[15.669499],[22.916245],[26.849304],[14.284412],[11.734564],[21.599998],[309.21625],[13.92],[2.7391946],0,0,[37842.145],[29532.07],[0.1],[0.1],[0.],[1.]
16143,01/01/2025 00:00,SRQ,27.39533,-82.55411,[3.],[19.158335],[20.5],[16.],[19.356306],[22.904026],[13.765814],[21.332088],[29.16],[319.43774],[14.95],[2.6615083],0,0,[37625.945],[33053.37],[0.],[0.],[0.],[0.]
16416,01/01/2025 00:00,TLH,30.39653,-84.35033,[1.],[12.050834],[16.13],[7.53],[9.212523],[16.0785],[4.4235716],[13.845967],[33.48],[337.67462],[14.1],[2.5013385],0,0,[36820.43],[33682.81],[0.],[0.],[0.],[0.]
16437,01/01/2025 00:00,TPA,27.97547,-82.53325,[3.],[18.066166],[21.187],[13.637],[18.15815],[22.270523],[11.90657],[15.124284],[32.760002],[315.03848],[14.84],[2.5830035],0,0,[37479.844],[33724.066],[0.],[0.],[0.],[0.]
16774,01/01/2025 00:00,VPS,30.48325,-86.5254,[2.],[11.01075],[15.6545],[7.0045004],[7.802345],[12.148695],[3.8006687],[16.62249],[33.12],[353.32053],[14.01],[2.5114284],0,0,[36802.29],[33660.477],[0.],[0.],[0.],[0.]
20716,01/02/2025 00:00,DAB,29.17992,-81.05806,[3.],[11.325252],[15.3065],[8.0065],[8.819227],[13.692137],[5.2032404],[12.886039],[28.44],[344.20312],[13.94],[2.215602],0,0,[37173.836],[33100.18],[0.],[0.],[0.],[0.]
23946,01/02/2025 00:00,EYW,24.55611,-81.75956,[3.],[21.383835],[22.263],[20.413],[20.802004],[22.579962],[18.65135],[30.2641],[42.12],[22.614405],[15.89],[3.1073587],0,0,[38357.13],[33280.418],[0.],[0.],[0.],[0.]
24053,01/02/2025 00:00,FLL,26.07258,-80.15275,[3.],[19.445002],[23.2325],[15.4825],[19.539412],[23.721727],[14.36335],[13.609951],[29.88],[359.36594],[14.36],[2.751907],0,0,[37991.715],[32724.033],[0.],[0.],[0.],[0.]
25804,01/02/2025 00:00,JAX,30.49406,-81.68786,[3.],[9.062249],[15.3435],[3.6435],[6.05357],[12.111326],[-0.10704613],[12.181624],[25.199999],[334.34396],[14.18],[2.1738036],0,0,[36831.53],[32956.555],[0.],[0.],[0.],[0.]
28038,01/02/2025 00:00,MCO,28.42889,-81.31603,[3.],[12.694249],[17.913],[8.912999],[10.609338],[16.226486],[6.1252527],[11.7],[26.64],[359.14563],[14.41],[2.3816175],0,0,[37378.535],[32400.145],[0.],[0.],[0.],[0.]
28858,01/02/2025 00:00,MIA,25.79325,-80.29056,[3.],[19.43717],[24.1955],[15.2955],[19.940207],[25.490435],[14.609375],[11.190442],[26.64],[8.083192],[14.67],[2.696963],0,0,[38062.055],[33448.91],[0.],[0.],[0.],[0.]
29261,01/02/2025 00:00,MLB,28.10275,-80.64581,[3.],[14.433082],[18.293499],[11.393499],[12.695724],[17.054955],[9.023053],[15.827721],[34.56],[351.02563],[13.84],[2.3115644],0,0,[37470.516],[33497.137],[0.],[0.],[0.],[0.]
31144,01/02/2025 00:00,PBI,26.68316,-80.09559,[3.],[19.446585],[22.4195],[16.619501],[19.42435],[22.612017],[15.455151],[16.341383],[31.68],[349.50714],[14.72],[2.810038],0,0,[37832.117],[33953.715],[0.],[0.],[0.],[0.]
32491,01/02/2025 00:00,PNS,30.47331,-87.18744,[2.],[8.9545],[14.1545],[3.7545],[6.4734154],[12.419115],[0.37102175],[11.734564],[23.4],[21.076056],[13.98],[1.8991694],0,0,[36832.848],[33694.15],[0.],[0.],[0.],[0.]
33026,01/02/2025 00:00,RSW,26.53617,-81.75517,[3.],[15.338249],[20.619501],[10.8195],[13.743876],[19.836636],[8.6272955],[12.466867],[25.919998],[20.214003],[13.57],[2.6162665],0,0,[37867.746],[30912.945],[0.],[0.],[0.],[0.]
35617,01/02/2025 00:00,SRQ,27.39533,-82.55411,[3.],[15.025002],[18.8],[10.85],[12.48457],[16.2881],[7.763009],[19.581154],[29.519999],[24.50414],[14.53],[2.9429514],0,0,[37652.555],[32915.312],[0.],[0.],[0.],[0.]
35947,01/02/2025 00:00,TLH,30.39653,-84.35033,[2.],[8.63],[15.03],[2.73],[5.5316567],[11.655504],[-0.5936551],[10.644379],[23.759998],[8.031241],[14.13],[2.1880634],0,0,[36850.797],[33716.38],[0.],[0.],[0.],[0.]
35972,01/02/2025 00:00,TPA,27.97547,-82.53325,[3.],[13.297417],[18.137],[9.287001],[10.966258],[15.943678],[6.289608],[13.570615],[26.64],[19.850828],[14.48],[2.5925817],0,0,[37507.125],[32570.28],[0.],[0.],[0.],[0.]
36393,01/02/2025 00:00,VPS,30.48325,-86.5254,[3.],[8.562834],[14.7045],[3.2045],[5.8263764],[12.470863],[-0.26036167],[10.9859],[23.759998],[21.621227],[13.95],[1.9756483],0,0,[36832.848],[33694.145],[0.],[0.],[0.],[0.]
40344,01/03/2025 00:00,DAB,29.17992,-81.05806,[3.],[11.454417],[17.3065],[6.1064997],[8.468428],[14.162651],[2.7761493],[13.379461],[29.519999],[301.34167],[14.91],[2.6977756],0,0,[37204.895],[33481.234],[0.],[0.],[0.],[0.]
43546,01/03/2025 00:00,EYW,24.55611,-81.75956,[3.],[21.21092],[22.863],[20.613],[20.621334],[22.866594],[17.641579],[32.846916],[44.639996],[20.712662],[16.06],[3.3463938],0,0,[38382.254],[35459.04],[0.],[0.],[0.],[0.]
43651,01/03/2025 00:00,FLL,26.07258,-80.15275,[3.],[18.390833],[23.182499],[14.8325],[18.141098],[24.479044],[13.086414],[16.1198],[33.48],[324.8946],[15.31],[2.9454172],0,0,[38018.664],[33479.55],[0.],[0.],[0.],[0.]
45383,01/03/2025 00:00,JAX,30.49406,-81.68786,[3.],[8.928917],[15.6935],[2.1935],[5.6462216],[11.675058],[-1.0381255],[15.451717],[34.2],[292.38574],[14.16],[2.4143116],0,0,[36864.324],[32967.332],[0.],[0.],[0.],[0.]
47610,01/03/2025 00:00,MCO,28.42889,-81.31603,[3.],[11.767166],[17.263],[7.963],[9.206431],[14.723949],[5.115034],[12.287555],[28.08],[327.55942],[15.27],[2.58284],0,0,[37408.562],[33790.68],[0.],[0.],[0.],[0.]
48426,01/03/2025 00:00,MIA,25.79325,-80.29056,[3.],[18.816336],[23.9955],[14.9955],[18.960728],[24.81922],[14.683029],[13.418153],[28.8],[339.122],[15.48],[2.894571],0,0,[38088.652],[33979.67],[0.],[0.],[0.],[0.]
48838,01/03/2025 00:00,MLB,28.10275,-80.64581,[3.],[13.960166],[19.4935],[10.3435],[11.515086],[17.22969],[7.63093],[14.465102],[30.239998],[318.41492],[15.21],[2.9176173],0,0,[37500.08],[33562.004],[0.],[0.],[0.],[0.]
50635,01/03/2025 00:00,PBI,26.68316,-80.09559,[3.],[18.36742],[22.719501],[15.2695],[17.53862],[23.100077],[11.834002],[18.686218],[36.719997],[309.5648],[14.85],[3.0446682],0,0,[37859.863],[33132.36],[0.],[0.],[0.],[0.]
51940,01/03/2025 00:00,PNS,30.47331,-87.18744,[2.],[10.58575],[17.0045],[5.9045],[8.216799],[14.108402],[3.3791008],[13.141232],[30.239998],[342.116],[13.69],[2.260198],0,0,[36865.74],[33730.348],[0.],[0.],[0.],[0.]
52454,01/03/2025 00:00,RSW,26.53617,-81.75517,[3.],[14.825749],[20.8195],[10.4695],[13.022752],[19.514471],[8.497081],[12.337553],[23.759998],[3.5089598],[15.33],[2.8537765],0,0,[37895.312],[33830.71],[0.],[0.],[0.],[0.]
54994,01/03/2025 00:00,SRQ,27.39533,-82.55411,[3.],[14.464583],[17.9],[10.4],[11.76784],[15.283718],[7.9347343],[19.73854],[28.44],[6.8365183],[15.59],[3.115567],0,0,[37681.195],[34214.277],[0.],[0.],[0.],[0.]
55321,01/03/2025 00:00,TLH,30.39653,-84.35033,[0.],[9.17375],[17.13],[2.03],[6.3315597],[13.715639],[-0.96834326],[14.584443],[32.399998],[316.92026],[13.99],[2.3703222],0,0,[36883.492],[33752.473],[0.],[0.],[0.],[0.]
55346,01/03/2025 00:00,TPA,27.97547,-82.53325,[3.],[12.505752],[17.887],[8.887],[10.143237],[15.349031],[6.679184],[14.681866],[33.48],[353.0607],[15.43],[2.6415343],0,0,[37536.5],[34033.586],[0.],[0.],[0.],[0.]
55757,01/03/2025 00:00,VPS,30.48325,-86.5254,[0.],[10.054501],[17.4545],[3.2545],[7.2589107],[14.445675],[0.2321887],[14.450535],[32.760002],[335.629],[13.77],[2.392556],0,0,[36865.74],[33730.35],[0.],[0.],[0.],[0.]
59498,01/04/2025 00:00,DAB,29.17992,-81.05806,[0.],[10.133584],[14.3065],[6.5565],[6.505759],[10.75407],[1.5268712],[17.22742],[33.839996],[333.72675],[14.83],[2.6868758],0,0,[37238.133],[33564.9],[0.],[0.],[0.],[0.]
62583,01/04/2025 00:00,EYW,24.55611,-81.75956,[3.],[19.438],[21.063],[17.913],[15.622608],[18.302698],[13.271954],[38.292225],[53.28],[26.120695],[16.85],[4.4721355],0,0,[38409.152],[35488.695],[0.],[0.],[0.],[0.]
62688,01/04/2025 00:00,FLL,26.07258,-80.15275,[2.],[15.480416],[20.8825],[11.1825],[13.14314],[18.989698],[7.5012083],[17.046865],[39.239998],[340.7604],[16.03],[3.2801871],0,0,[38047.504],[34580.656],[0.],[0.],[0.],[0.]
63120,01/04/2025 00:00,GNV,29.69006,-82.27178,[0.],[8.837499],[14.65],[4.45],[5.18742],[11.157302],[-0.3352599],[13.679999],[27.359999],[340.50433],[14.59],[2.5217812],0,0,[37107.51],[33458.055],[0.],[0.],[0.],[0.]
64392,01/04/2025 00:00,JAX,30.49406,-81.68786,[0.],[8.34975],[13.2935],[3.7435],[4.378466],[9.143227],[-0.43989468],[14.81259],[29.16],[321.9383],[14.18],[2.5861106],0,0,[36899.418],[33048.07],[0.],[0.],[0.],[0.]
66457,01/04/2025 00:00,MCO,28.42889,-81.31603,[0.],[11.044251],[15.613],[7.663],[7.852015],[12.399807],[3.6737218],[15.978486],[32.039997],[346.967],[15.21],[2.641833],0,0,[37440.69],[33969.918],[0.],[0.],[0.],[0.]
67262,01/04/2025 00:00,MIA,25.79325,-80.29056,[2.],[16.070501],[21.3955],[11.4955],[14.115219],[20.05987],[8.508926],[13.510796],[35.64],[350.8011],[16.21],[3.2447274],0,0,[38117.117],[34692.45],[0.],[0.],[0.],[0.]
67703,01/04/2025 00:00,MLB,28.10275,-80.64581,[0.],[12.035168],[16.3435],[8.9435],[8.430602],[13.455925],[4.1168346],[18.738165],[37.079998],[335.87097],[15.27],[3.0752373],0,0,[37531.715],[34129.52],[0.],[0.],[0.],[0.]
69404,01/04/2025 00:00,PBI,26.68316,-80.09559,[3.],[15.298665],[19.6695],[11.5195],[12.333453],[17.584677],[6.7704144],[21.639713],[47.16],[334.9123],[14.15],[3.3041766],0,0,[37889.56],[33921.62],[0.],[0.],[0.],[0.]
70638,01/04/2025 00:00,PNS,30.47331,-87.18744,[3.],[9.354499],[13.3545],[4.2545004],[6.0214524],[10.350576],[0.5289402],[13.418153],[25.199999],[61.82836],[13.38],[2.3077407],0,0,[36900.934],[31627.324],[0.],[0.],[0.],[0.]
71141,01/04/2025 00:00,RSW,26.53617,-81.75517,[3.],[13.179917],[18.3195],[10.4695],[10.357719],[15.204319],[7.2227793],[15.629972],[30.239998],[15.867093],[15.74],[2.9458184],0,0,[37924.82],[34774.617],[0.],[0.],[0.],[0.]
73558,01/04/2025 00:00,SRQ,27.39533,-82.55411,[2.],[15.131248],[18.1],[11.25],[11.866146],[15.040743],[6.221486],[24.334642],[36.],[23.860205],[15.61],[3.4121847],0,0,[37711.85],[34326.957],[0.],[0.],[0.],[0.]
73870,01/04/2025 00:00,TLH,30.39653,-84.35033,[2.],[8.688333],[14.4800005],[3.2800002],[4.9332137],[10.8335495],[-0.87380457],[13.948548],[26.64],[7.043391],[14.22],[2.5606863],0,0,[36918.484],[33791.05],[0.],[0.],[0.],[0.]
73889,01/04/2025 00:00,TPA,27.97547,-82.53325,[0.],[12.505749],[16.837],[8.287001],[9.384064],[13.385029],[4.1123285],[16.836496],[34.2],[16.441103],[15.43],[2.8997157],0,0,[37567.94],[34142.887],[0.],[0.],[0.],[0.]
74301,01/04/2025 00:00,VPS,30.48325,-86.5254,[3.],[9.094083],[14.2045],[3.3545],[5.6160407],[11.259211],[-0.5596266],[12.324414],[23.759998],[48.607113],[13.89],[2.4497063],0,0,[36900.934],[32653.598],[0.],[0.],[0.],[0.]
78256,01/05/2025 00:00,DAB,29.17992,-81.05806,[3.],[11.896084],[17.8565],[7.2565],[9.81235],[16.460123],[3.9510899],[11.013882],[21.24],[36.60714],[14.38],[2.3914363],0,0,[37273.52],[33423.25],[0.],[0.],[0.],[0.]
81511,01/05/2025 00:00,EYW,24.55611,-81.75956,[3.],[21.427584],[23.063],[20.013],[19.04125],[20.23589],[17.961857],[34.13599],[43.199997],[84.32004],[15.03],[4.0780697],0,0,[38437.79],[32872.93],[0.],[0.],[0.],[0.]
81618,01/05/2025 00:00,FLL,26.07258,-80.15275,[3.],[18.265835],[22.7825],[14.0325],[17.291979],[21.755917],[12.769434],[14.830076],[37.079998],[70.26247],[15.35],[3.1677012],0,0,[38078.215],[33958.57],[0.],[0.],[0.],[0.]
82041,01/05/2025 00:00,GNV,29.69006,-82.27178,[2.],[10.833332],[19.65],[4.2],[7.5434003],[16.52978],[0.3547988],[12.20023],[22.319998],[97.36192],[14.09],[2.7836173],0,0,[37143.66],[33424.6],[0.],[0.],[0.],[0.]
83370,01/05/2025 00:00,JAX,30.49406,-81.68786,[3.],[9.189333],[15.8435],[3.1435],[6.558834],[13.766653],[-0.10971403],[11.334285],[21.599998],[81.08178],[13.51],[2.1251178],0,0,[36936.785],[32545.875],[0.],[0.],[0.],[0.]
85675,01/05/2025 00:00,MCO,28.42889,-81.31603,[3.],[12.204666],[20.113],[6.213],[10.160647],[18.057371],[3.3027472],[9.648067],[18.],[65.99019],[14.77],[2.476515],0,0,[37474.902],[33730.914],[0.],[0.],[0.],[0.]
86504,01/05/2025 00:00,MIA,25.79325,-80.29056,[3.],[17.968416],[23.4955],[12.6455],[17.163824],[22.33064],[12.150974],[14.813682],[37.44],[65.7793],[15.56],[3.1734543],0,0,[38147.43],[34129.89],[0.],[0.],[0.],[0.]
86914,01/05/2025 00:00,MLB,28.10275,-80.64581,[3.],[14.753918],[19.6435],[10.7435],[12.974144],[18.459255],[7.434228],[12.882267],[23.4],[22.159746],[14.8],[2.7639298],0,0,[37565.4],[33725.22],[0.],[0.],[0.],[0.]
88752,01/05/2025 00:00,PBI,26.68316,-80.09559,[3.],[18.634083],[22.2695],[15.3695],[18.051607],[21.56813],[15.2708],[12.661564],[33.12],[72.557495],[14.97],[2.995207],0,0,[37921.18],[33912.883],[0.],[0.],[0.],[0.]
90106,01/05/2025 00:00,PNS,30.47331,-87.18744,[63.],[17.448248],[21.3545],[11.2045],[15.571933],[19.437294],[7.931775],[28.690102],[62.639996],[161.89241],[8.72],[2.2823548],0,0,[36938.39],[23734.834],[5.8999996],[5.8999996],[0.],[9.]
90646,01/05/2025 00:00,RSW,26.53617,-81.75517,[3.],[14.559083],[22.8195],[8.1195],[12.681813],[21.32693],[4.6496773],[12.992458],[30.239998],[84.110306],[15.13],[2.9446075],0,0,[37956.234],[34457.27],[0.],[0.],[0.],[0.]
93200,01/05/2025 00:00,SRQ,27.39533,-82.55411,[3.],[15.381248],[20.65],[10.15],[13.49854],[20.035877],[6.9942236],[14.512064],[23.039999],[101.59345],[14.91],[2.9000216],0,0,[37744.496],[33661.168],[0.],[0.],[0.],[0.]
93531,01/05/2025 00:00,TLH,30.39653,-84.35033,[3.],[10.580001],[15.33],[5.9300003],[7.5277076],[13.598913],[2.28446],[14.634343],[31.68],[126.816864],[7.01],[1.7932811],0,0,[36955.742],[16768.52],[0.],[0.],[0.],[0.]
93554,01/05/2025 00:00,TPA,27.97547,-82.53325,[3.],[13.834916],[21.286999],[8.087001],[11.338382],[18.480183],[4.954548],[10.948973],[27.359999],[87.69201],[14.87],[2.8874404],0,0,[37601.414],[33881.44],[0.],[0.],[0.],[0.]
93970,01/05/2025 00:00,VPS,30.48325,-86.5254,[63.],[15.341998],[20.654501],[10.554501],[12.543761],[18.496096],[6.7500772],[27.943514],[55.079998],[144.36192],[7.74],[2.3744676],0,0,[36938.39],[18452.047],[9.],[9.],[0.],[7.]
100929,01/06/2025 00:00,EYW,24.55611,-81.75956,[3.],[23.352583],[23.863],[23.113],[23.290327],[25.53338],[20.373669],[32.392998],[41.399998],[179.83907],[14.8],[3.8539886],0,0,[38468.15],[34691.94],[0.],[0.],[0.],[0.]
101044,01/06/2025 00:00,FLL,26.07258,-80.15275,[3.],[22.503336],[26.4825],[19.832499],[22.139084],[24.871624],[19.737005],[19.681828],[44.639996],[200.3573],[12.31],[3.51821],0,0,[38110.766],[33010.55],[0.],[0.],[0.],[0.]
101426,01/06/2025 00:00,GNV,29.69006,-82.27178,[63.],[14.902084],[23.25],[7.7],[12.698208],[21.435522],[3.2242947],[27.876764],[66.96],[217.24486],[8.87],[2.030787],0,0,[37181.973],[22993.62],[4.2000003],[4.2000003],[0.],[4.]
102717,01/06/2025 00:00,JAX,30.49406,-81.68786,[55.],[14.803918],[22.8435],[7.4435],[12.414249],[21.220495],[2.853661],[30.613232],[65.520004],[223.3923],[8.91],[2.117141],0,0,[36976.387],[23135.922],[1.5000001],[1.5000001],[0.],[3.]
104968,01/06/2025 00:00,MCO,28.42889,-81.31603,[55.],[17.504667],[24.963001],[12.313],[16.51052],[23.381493],[11.37843],[28.338427],[67.32],[215.8096],[12.77],[2.5478218],0,0,[37511.16],[31426.672],[1.3000001],[1.3000001],[0.],[3.]
105740,01/06/2025 00:00,MIA,25.79325,-80.29056,[3.],[22.643417],[26.8955],[18.9955],[22.468958],[25.348679],[19.662071],[17.430283],[41.399998],[204.05809],[12.22],[3.3680751],0,0,[38179.555],[34033.99],[0.],[0.],[0.],[0.]
106126,01/06/2025 00:00,MLB,28.10275,-80.64581,[3.],[19.493502],[26.7435],[13.3435],[18.07551],[23.88184],[12.389519],[29.975807],[65.159996],[218.8131],[12.6],[3.383435],0,0,[37601.094],[29693.547],[0.],[0.],[0.],[0.]
107850,01/06/2025 00:00,PBI,26.68316,-80.09559,[3.],[21.7695],[26.2695],[17.9195],[21.036963],[24.379553],[17.65562],[25.199997],[56.519997],[212.35094],[12.15],[3.4995265],0,0,[37954.688],[33912.668],[0.],[0.],[0.],[0.]
109086,01/06/2025 00:00,PNS,30.47331,-87.18744,[53.],[9.960751],[20.8045],[0.6545],[5.750961],[19.13168],[-5.002906],[27.937136],[61.56],[303.99908],[14.07],[2.1816533],0,0,[36978.086],[33853.71],[2.4],[2.4],[0.],[5.]
109593,01/06/2025 00:00,RSW,26.53617,-81.75517,[51.],[18.582003],[24.369501],[13.169499],[18.636976],[23.81829],[12.869669],[22.553936],[48.6],[193.57326],[14.34],[2.6862235],0,0,[37989.527],[32400.],[0.2],[0.2],[0.],[2.]
112000,01/06/2025 00:00,SRQ,27.39533,-82.55411,[51.],[18.69375],[20.95],[16.15],[17.84786],[20.304045],[14.804077],[32.36848],[42.12],[198.96948],[13.17],[2.1082733],0,0,[37779.09],[32281.19],[0.5],[0.5],[0.],[4.]
112298,01/06/2025 00:00,TLH,30.39653,-84.35033,[63.],[14.569581],[19.08],[3.83],[12.231782],[19.09761],[-1.7046108],[21.800816],[47.519997],[251.55147],[10.13],[2.0329118],0,0,[36995.22],[20639.867],[4.2000003],[4.2000003],[0.],[7.]
112322,01/06/2025 00:00,TPA,27.97547,-82.53325,[51.],[17.937],[23.286999],[14.687],[16.898869],[21.558018],[12.784729],[33.667698],[70.92],[208.28174],[11.53],[2.2180767],0,0,[37636.89],[29024.03],[1.1000001],[1.1000001],[0.],[5.]
112706,01/06/2025 00:00,VPS,30.48325,-86.5254,[63.],[11.500332],[20.3545],[1.2045],[7.626686],[18.446655],[-4.643239],[29.52878],[63.],[294.38196],[14.06],[2.319898],0,0,[36978.086],[33853.707],[5.7000003],[5.7000003],[0.],[7.]
118794,01/07/2025 00:00,EYW,24.55611,-81.75956,[3.],[19.365084],[23.413],[16.213001],[16.971628],[25.025045],[12.251383],[36.77378],[49.32],[332.74878],[15.18],[3.0329638],0,0,[38500.31],[33181.01],[0.],[0.],[0.],[0.]
118874,01/07/2025 00:00,FLL,26.07258,-80.15275,[3.],[16.23667],[20.9825],[12.2325],[14.444514],[21.650589],[9.672634],[20.765635],[46.44],[308.16498],[16.2],[2.9250762],0,0,[38145.25],[35057.04],[0.],[0.],[0.],[0.]
119180,01/07/2025 00:00,GNV,29.69006,-82.27178,[2.],[4.7999997],[9.75],[0.7],[0.7049095],[6.166074],[-3.7532403],[18.102308],[39.239998],[351.88165],[14.57],[2.0462923],0,0,[37222.56],[33458.848],[0.],[0.],[0.],[0.]
120302,01/07/2025 00:00,JAX,30.49406,-81.68786,[3.],[4.8976665],[9.5435],[0.7435],[0.7304433],[6.19059],[-3.9459386],[20.592503],[41.760002],[342.93625],[13.87],[1.9984282],0,0,[37018.336],[33244.63],[0.],[0.],[0.],[0.]
122257,01/07/2025 00:00,MCO,28.42889,-81.31603,[3.],[8.477584],[13.563],[4.113],[4.8078656],[11.435324],[-0.5895524],[18.921415],[38.16],[340.35443],[13.4],[2.0343351],0,0,[37549.58],[33017.52],[0.],[0.],[0.],[0.]
122894,01/07/2025 00:00,MIA,25.79325,-80.29056,[3.],[16.680918],[21.2455],[11.4955],[15.156226],[22.128826],[9.414286],[18.201374],[39.6],[313.49255],[16.11],[2.9268706],0,0,[38213.594],[35188.984],[0.],[0.],[0.],[0.]
124763,01/07/2025 00:00,PBI,26.68316,-80.09559,[51.],[15.438251],[20.869501],[11.919499],[12.9330635],[21.239779],[7.7897825],[21.857958],[49.32],[312.31015],[15.04],[2.9383204],0,0,[37990.195],[34233.41],[0.1],[0.1],[0.],[1.]
125731,01/07/2025 00:00,PNS,30.47331,-87.18744,[3.],[2.8649168],[7.8545003],[-0.6455],[-1.830852],[3.965025],[-5.900145],[19.424158],[39.6],[357.26657],[14.19],[1.8817799],0,0,[37020.15],[33900.117],[0.],[0.],[0.],[0.]
126160,01/07/2025 00:00,RSW,26.53617,-81.75517,[3.],[13.16325],[19.369501],[8.669499],[10.948972],[19.882225],[5.8076887],[15.459054],[30.239998],[341.02042],[15.09],[2.424201],0,0,[38024.805],[33941.63],[0.],[0.],[0.],[0.]
128123,01/07/2025 00:00,SRQ,27.39533,-82.55411,[3.],[11.241668],[17.05],[8.5],[7.1779],[13.145569],[4.5568867],[33.78298],[46.079998],[345.07977],[14.36],[2.498139],0,0,[37815.746],[30413.709],[0.],[0.],[0.],[0.]
128371,01/07/2025 00:00,TLH,30.39653,-84.35033,[3.],[4.0570836],[9.18],[0.08],[-0.5250142],[5.0688515],[-4.7198305],[20.562586],[45.36],[349.6015],[14.09],[2.107449],0,0,[37037.047],[33921.73],[0.],[0.],[0.],[0.]
128394,01/07/2025 00:00,TPA,27.97547,-82.53325,[3.],[8.8411665],[14.037001],[4.637],[5.08209],[11.342903],[-0.03540134],[22.431496],[48.96],[352.50003],[15.],[2.3494847],0,0,[37674.477],[33917.18],[0.],[0.],[0.],[0.]
128705,01/07/2025 00:00,VPS,30.48325,-86.5254,[3.],[3.2024167],[8.4045],[-0.4955],[-1.4171401],[4.3650656],[-5.607086],[17.47484],[38.519997],[358.7701],[14.14],[1.9799825],0,0,[37020.15],[33900.113],[0.],[0.],[0.],[0.]
134908,01/08/2025 00:00,EYW,24.55611,-81.75956,[3.],[16.277584],[17.263],[15.462999],[13.72527],[15.835388],[12.053122],[25.223133],[36.],[356.6186],[9.86],[2.434492],0,0,[38534.625],[19933.234],[0.],[0.],[0.],[0.]
135000,01/08/2025 00:00,FLL,26.07258,-80.15275,[3.],[14.351251],[20.932499],[9.0825],[12.576938],[20.959076],[6.6565237],[15.804164],[31.319998],[318.69147],[15.42],[2.7825549],0,0,[38182.043],[34587.36],[0.],[0.],[0.],[0.]
135299,01/08/2025 00:00,GNV,29.69006,-82.27178,[3.],[5.566666],[12.4],[0.2],[1.7841583],[8.7894745],[-3.8059168],[11.989946],[26.28],[325.069],[14.59],[2.2074554],0,0,[37265.855],[33743.574],[0.],[0.],[0.],[0.]
136438,01/08/2025 00:00,JAX,30.49406,-81.68786,[3.],[5.553917],[12.3435],[0.1435],[1.8171835],[8.479179],[-3.808241],[14.092978],[26.28],[306.393],[14.1],[2.1488113],0,0,[37063.086],[33146.656],[0.],[0.],[0.],[0.]
138428,01/08/2025 00:00,MCO,28.42889,-81.31603,[3.],[8.765083],[14.313],[4.713],[5.2966475],[11.355852],[0.89070034],[15.3686695],[30.239998],[329.58588],[14.96],[2.426323],0,0,[37590.55],[33822.965],[0.],[0.],[0.],[0.]
139049,01/08/2025 00:00,MIA,25.79325,-80.29056,[1.],[14.551751],[21.2955],[9.195499],[13.164256],[21.086773],[7.3983927],[11.988594],[27.359999],[324.36298],[15.78],[2.74356],0,0,[38249.906],[34601.52],[0.],[0.],[0.],[0.]
140993,01/08/2025 00:00,PBI,26.68316,-80.09559,[3.],[14.057],[20.619501],[9.2695],[11.576347],[19.745754],[6.203932],[16.73516],[39.96],[318.59952],[14.33],[2.8657026],0,0,[38028.07],[33898.113],[0.],[0.],[0.],[0.]
141975,01/08/2025 00:00,PNS,30.47331,-87.18744,[3.],[3.0524166],[7.9545],[-1.3955001],[-1.3571309],[3.6753902],[-6.200906],[16.607864],[32.760002],[345.0517],[14.34],[1.7876059],0,0,[37065.01],[33949.625],[0.],[0.],[0.],[0.]
142408,01/08/2025 00:00,RSW,26.53617,-81.75517,[3.],[10.477834],[16.6695],[5.8694997],[7.5931206],[14.27001],[2.4197369],[11.966953],[28.08],[349.46088],[12.02],[2.180758],0,0,[38062.438],[29548.42],[0.],[0.],[0.],[0.]
144417,01/08/2025 00:00,SRQ,27.39533,-82.55411,[3.],[10.156251],[13.05],[7.5],[6.246905],[9.284771],[3.3268876],[20.326454],[30.239998],[0.6470833],[10.11],[2.156827],0,0,[37854.848],[29010.914],[0.],[0.],[0.],[0.]
144644,01/08/2025 00:00,TLH,30.39653,-84.35033,[3.],[4.482084],[10.2300005],[0.32999998],[0.55477643],[6.192256],[-3.8095992],[11.854062],[27.72],[330.2005],[14.34],[1.9900371],0,0,[37081.664],[33971.098],[0.],[0.],[0.],[0.]
144668,01/08/2025 00:00,TPA,27.97547,-82.53325,[3.],[8.4245],[13.887],[4.637],[4.8524976],[10.391281],[0.5808158],[13.767352],[30.599998],[349.9203],[13.62],[2.2745795],0,0,[37714.574],[34186.49],[0.],[0.],[0.],[0.]
144977,01/08/2025 00:00,VPS,30.48325,-86.5254,[3.],[3.3065832],[8.7045],[-1.5455],[-1.1250403],[4.4584093],[-6.2383966],[14.796175],[31.319998],[342.08444],[14.24],[1.9358954],0,0,[37065.01],[33949.633],[0.],[0.],[0.],[0.]
151703,01/09/2025 00:00,EYW,24.55611,-81.75956,[3.],[16.69425],[18.763],[15.412999],[12.879952],[15.943037],[10.030788],[36.30917],[51.48],[3.9409008],[16.44],[3.6503093],0,0,[38571.043],[34920.37],[0.],[0.],[0.],[0.]
151800,01/09/2025 00:00,FLL,26.07258,-80.15275,[0.],[12.892918],[17.8825],[8.382501],[9.514719],[14.229755],[4.2846985],[16.50218],[35.64],[331.29132],[16.61],[3.2996275],0,0,[38221.086],[35272.867],[0.],[0.],[0.],[0.]
153396,01/09/2025 00:00,JAX,30.49406,-81.68786,[0.],[4.120583],[9.4435],[-0.8565],[-0.03601458],[5.4016037],[-5.6695223],[14.31198],[30.239998],[339.62344],[14.88],[2.0822194],0,0,[37110.57],[33450.844],[0.],[0.],[0.],[0.]
155562,01/09/2025 00:00,MCO,28.42889,-81.31603,[0.],[6.935917],[11.613],[3.513],[3.2978027],[8.214378],[-0.80014896],[14.81259],[34.92],[350.88797],[15.61],[2.1693475],0,0,[37634.04],[34259.39],[0.],[0.],[0.],[0.]
156290,01/09/2025 00:00,MIA,25.79325,-80.29056,[0.],[13.499667],[18.9955],[8.3455],[10.401818],[15.244436],[5.0494804],[13.971757],[36.36],[339.84085],[16.69],[3.291396],0,0,[38288.44],[35349.074],[0.],[0.],[0.],[0.]
158335,01/09/2025 00:00,PBI,26.68316,-80.09559,[1.],[12.442417],[16.119501],[7.5695],[8.776767],[12.650286],[2.6514034],[19.340576],[45.36],[328.3488],[15.63],[3.2286685],0,0,[38068.266],[34512.74],[0.],[0.],[0.],[0.]
159524,01/09/2025 00:00,PNS,30.47331,-87.18744,[3.],[4.3378334],[9.5045],[-1.3955001],[0.26712906],[5.686019],[-5.9263434],[14.357185],[28.44],[33.311752],[14.3],[1.950095],0,0,[37112.605],[34002.094],[0.],[0.],[0.],[0.]
159998,01/09/2025 00:00,RSW,26.53617,-81.75517,[0.],[9.773667],[15.4695],[5.9195],[6.4440284],[12.135492],[2.0890017],[12.964998],[28.44],[8.1299925],[16.24],[2.7014468],0,0,[38102.383],[34981.67],[0.],[0.],[0.],[0.]
162259,01/09/2025 00:00,SRQ,27.39533,-82.55411,[0.],[10.672916],[13.15],[6.9],[6.7847495],[9.133838],[2.137187],[21.129883],[31.68],[15.201874],[15.83],[2.825671],0,0,[37896.34],[34544.5],[0.],[0.],[0.],[0.]
162532,01/09/2025 00:00,TLH,30.39653,-84.35033,[2.],[4.0279174],[10.2300005],[-1.42],[-0.25092688],[6.056983],[-5.959594],[13.31635],[25.919998],[9.470076],[14.73],[2.184572],0,0,[37129.008],[34023.402],[0.],[0.],[0.],[0.]
162557,01/09/2025 00:00,TPA,27.97547,-82.53325,[0.],[8.16825],[12.387],[3.837],[4.364369],[8.747899],[-0.89173317],[16.575644],[32.399998],[13.875301],[15.74],[2.5368397],0,0,[37757.125],[34364.73],[0.],[0.],[0.],[0.]
162914,01/09/2025 00:00,VPS,30.48325,-86.5254,[3.],[4.2357497],[10.0045],[-1.6455001],[-0.00951318],[5.9550467],[-6.2220163],[13.776763],[27.72],[27.680971],[14.46],[2.1033816],0,0,[37112.605],[34002.09],[0.],[0.],[0.],[0.]
166519,01/10/2025 00:00,DAB,29.17992,-81.05806,[1.],[11.171084],[17.8565],[4.1565],[8.853126],[16.637968],[0.7282038],[21.332088],[41.399998],[130.8439],[14.35],[2.4190214],0,0,[37485.594],[33575.527],[0.],[0.],[0.],[0.]
169592,01/10/2025 00:00,EYW,24.55611,-81.75956,[3.],[20.102583],[22.563],[17.463001],[18.691442],[23.901558],[13.821196],[27.09822],[36.719997],[103.33439],[14.27],[3.3566103],0,0,[38609.484],[35574.324],[0.],[0.],[0.],[0.]
169700,01/10/2025 00:00,FLL,26.07258,-80.15275,[2.],[16.713747],[22.5325],[10.2325],[15.28511],[21.111895],[7.878854],[15.3264475],[37.8],[170.49207],[14.87],[3.0858638],0,0,[38262.297],[34292.445],[0.],[0.],[0.],[0.]
170053,01/10/2025 00:00,GNV,29.69006,-82.27178,[3.],[9.920834],[19.05],[1.05],[6.755222],[15.841465],[-2.4632041],[21.80676],[46.44],[133.59013],[14.],[2.6794102],0,0,[37360.285],[33250.31],[0.],[0.],[0.],[0.]
171283,01/10/2025 00:00,JAX,30.49406,-81.68786,[3.],[8.972667],[15.9935],[2.1935],[5.9446883],[13.209312],[-1.2819111],[21.288757],[42.839996],[88.88762],[11.31],[1.9868236],0,0,[37160.684],[27303.494],[0.],[0.],[0.],[0.]
173472,01/10/2025 00:00,MCO,28.42889,-81.31603,[3.],[12.1275835],[20.913],[4.513],[9.779559],[18.87119],[1.6855588],[20.01969],[38.16],[141.11183],[14.78],[2.7631898],0,0,[37679.938],[34003.05],[0.],[0.],[0.],[0.]
174179,01/10/2025 00:00,MIA,25.79325,-80.29056,[3.],[16.845499],[23.1955],[9.7955],[15.702839],[21.903913],[8.349929],[14.565548],[37.079998],[130.16823],[15.39],[3.1135242],0,0,[38329.12],[34293.74],[0.],[0.],[0.],[0.]
176245,01/10/2025 00:00,PBI,26.68316,-80.09559,[3.],[16.602835],[22.219501],[9.2195],[15.196107],[20.59891],[7.137121],[15.784676],[39.96],[193.06493],[14.79],[3.0337613],0,0,[38110.695],[34053.992],[0.],[0.],[0.],[0.]
177396,01/10/2025 00:00,PNS,30.47331,-87.18744,[65.],[9.271167],[11.804501],[6.3545003],[5.8574142],[10.834748],[1.693521],[30.394424],[61.56],[49.454002],[1.63],[0.8477795],0,0,[37162.83],[0.],[47.399998],[47.399998],[0.],[13.]
177872,01/10/2025 00:00,RSW,26.53617,-81.75517,[3.],[14.046582],[23.0195],[6.5695],[12.351211],[21.760822],[4.0351276],[16.63905],[36.36],[125.239426],[15.39],[2.8312993],0,0,[38144.535],[34851.11],[0.],[0.],[0.],[0.]
180126,01/10/2025 00:00,SRQ,27.39533,-82.55411,[3.],[13.289585],[18.85],[7.5],[10.726624],[17.04619],[4.5178223],[28.594517],[36.36],[135.88628],[13.55],[2.4312499],0,0,[37940.14],[28260.049],[0.],[0.],[0.],[0.]
180395,01/10/2025 00:00,TLH,30.39653,-84.35033,[63.],[7.8800006],[13.93],[2.38],[4.3365493],[12.662144],[-2.2069273],[25.722372],[53.639996],[117.93059],[8.38],[1.7557873],0,0,[37178.97],[23452.814],[10.4],[10.4],[0.],[6.]
180425,01/10/2025 00:00,TPA,27.97547,-82.53325,[3.],[12.593249],[21.286999],[5.337],[9.792168],[18.67326],[1.8094068],[25.308409],[49.68],[142.53194],[13.57],[2.8231843],0,0,[37802.04],[27739.322],[0.],[0.],[0.],[0.]
180791,01/10/2025 00:00,VPS,30.48325,-86.5254,[65.],[9.008668],[13.4545],[6.4545],[5.4890037],[13.691946],[1.6850286],[25.687078],[55.44],[72.11481],[2.04],[1.1340412],0,0,[37162.83],[0.],[34.8],[34.8],[0.],[10.]
183796,01/11/2025 00:00,DAB,29.17992,-81.05806,[61.],[14.154418],[17.3065],[8.106501],[11.798649],[15.7159],[4.783206],[22.597706],[46.079998],[263.5872],[8.83],[1.9289962],0,0,[37535.46],[22704.242],[2.2],[2.2],[0.],[5.]
186382,01/11/2025 00:00,EYW,24.55611,-81.75956,[53.],[21.31925],[22.763],[19.213001],[21.324816],[24.645445],[15.405251],[42.117306],[54.36],[258.651],[9.04],[2.0016966],0,0,[38649.867],[21126.45],[0.8],[0.8],[0.],[2.]
186468,01/11/2025 00:00,FLL,26.07258,-80.15275,[61.],[19.813751],[24.7825],[17.582499],[20.129984],[26.27783],[17.37916],[21.498512],[47.88],[242.18661],[7.7],[1.794437],0,0,[38305.594],[17622.977],[2.5],[2.5],[0.],[2.]
186804,01/11/2025 00:00,GNV,29.69006,-82.27178,[55.],[10.745833],[17.15],[3.7],[8.352301],[15.358837],[0.31178474],[19.820442],[42.48],[280.38232],[6.38],[1.1120182],0,0,[37411.22],[11397.708],[3.7],[3.7],[0.],[6.]
187896,01/11/2025 00:00,JAX,30.49406,-81.68786,[55.],[9.878917],[16.4435],[2.6935],[7.0137353],[14.719162],[-0.7366395],[21.794127],[43.56],[274.93423],[4.04],[0.93526316],0,0,[37213.33],[0.],[3.4999998],[3.4999998],[0.],[7.]
189616,01/11/2025 00:00,MCO,28.42889,-81.31603,[53.],[15.260919],[17.463001],[11.212999],[13.448171],[16.80084],[8.529831],[22.004951],[44.28],[261.14093],[9.83],[1.9928257],0,0,[37728.15],[20314.48],[1.8],[1.8],[0.],[4.]
190245,01/11/2025 00:00,MIA,25.79325,-80.29056,[61.],[20.364252],[26.595499],[17.8955],[21.138056],[27.072218],[18.707811],[25.52829],[58.679996],[237.70859],[8.91],[1.8808888],0,0,[38371.855],[19541.152],[2.2],[2.2],[0.],[2.]
192036,01/11/2025 00:00,PBI,26.68316,-80.09559,[53.],[19.00492],[21.0195],[16.119501],[18.507755],[21.762981],[14.932714],[18.671474],[38.519997],[248.55067],[5.69],[1.7321826],0,0,[38155.266],[8628.274],[1.7],[1.7],[0.],[3.]
192991,01/11/2025 00:00,PNS,30.47331,-87.18744,[51.],[4.844084],[8.2045],[2.0544999],[1.0582956],[5.018137],[-1.0301046],[20.256998],[42.48],[323.44794],[8.17],[1.1960558],0,0,[37215.574],[16885.64],[0.5],[0.5],[0.],[4.]
193390,01/11/2025 00:00,RSW,26.53617,-81.75517,[61.],[17.92575],[20.7695],[14.3195],[17.860426],[20.718658],[13.273188],[15.14783],[33.839996],[261.67676],[5.68],[1.337846],0,0,[38188.824],[6475.319],[2.7],[2.7],[0.],[3.]
195234,01/11/2025 00:00,SRQ,27.39533,-82.55411,[61.],[15.839583],[19.15],[11.7],[14.061111],[17.529247],[9.243747],[28.269169],[38.519997],[308.06982],[6.79],[1.4243288],0,0,[37986.152],[9880.601],[2.3999999],[2.3999999],[0.],[4.]
195469,01/11/2025 00:00,TLH,30.39653,-84.35033,[51.],[6.4112496],[11.7300005],[1.0799999],[3.2205904],[10.53431],[-1.8352427],[17.709658],[37.079998],[305.66168],[3.38],[0.7019361],0,0,[37231.457],[1812.3746],[0.4],[0.4],[0.],[4.]
195490,01/11/2025 00:00,TPA,27.97547,-82.53325,[61.],[14.753666],[18.786999],[9.237],[13.06776],[18.26047],[6.985697],[25.455843],[50.039997],[297.2694],[6.22],[1.3574059],0,0,[37849.22],[7493.379],[3.5999997],[3.5999997],[0.],[6.]
195793,01/11/2025 00:00,VPS,30.48325,-86.5254,[51.],[4.83575],[8.1045],[0.1045],[1.1601313],[4.8801556],[-2.6099799],[20.88],[41.039997],[325.4415],[6.78],[1.0298847],0,0,[37215.574],[13107.971],[0.3],[0.3],[0.],[1.]
199494,01/12/2025 00:00,DAB,29.17992,-81.05806,[1.],[8.01275],[14.606501],[2.6565],[5.063453],[11.610565],[-0.8533387],[13.681184],[26.64],[333.2786],[15.27],[2.1657043],0,0,[37587.625],[33989.44],[0.],[0.],[0.],[0.]
202620,01/12/2025 00:00,EYW,24.55611,-81.75956,[3.],[18.429667],[19.663],[17.463001],[17.122444],[20.414232],[15.079655],[29.426006],[39.96],[27.596386],[10.08],[2.1110878],0,0,[38692.125],[26728.387],[0.],[0.],[0.],[0.]
202723,01/12/2025 00:00,FLL,26.07258,-80.15275,[3.],[16.865833],[22.0325],[12.2825],[15.951718],[21.369028],[10.445532],[11.753877],[24.119999],[336.55896],[15.69],[2.8437614],0,0,[38350.89],[35329.19],[0.],[0.],[0.],[0.]
203106,01/12/2025 00:00,GNV,29.69006,-82.27178,[3.],[5.8187504],[12.75],[-0.65],[2.6825874],[9.358266],[-3.9849215],[9.059205],[21.24],[348.51688],[14.95],[1.9944909],0,0,[37464.5],[33479.36],[0.],[0.],[0.],[0.]
204341,01/12/2025 00:00,JAX,30.49406,-81.68786,[3.],[4.6039166],[11.0935],[-1.9565],[1.4202982],[7.780822],[-5.7263527],[9.016185],[19.44],[317.18118],[14.67],[1.7842973],0,0,[37268.39],[33541.387],[0.],[0.],[0.],[0.]
206538,01/12/2025 00:00,MCO,28.42889,-81.31603,[2.],[9.521333],[15.263],[4.363],[7.144892],[13.245737],[1.5049052],[12.413477],[25.199999],[341.65475],[15.24],[2.1194668],0,0,[37778.59],[34350.734],[0.],[0.],[0.],[0.]
207280,01/12/2025 00:00,MIA,25.79325,-80.29056,[3.],[17.943419],[23.4955],[13.1455],[17.07326],[22.718088],[11.912352],[9.708326],[25.56],[338.31018],[15.55],[2.978184],0,0,[38416.57],[35465.906],[0.],[0.],[0.],[0.]
207673,01/12/2025 00:00,MLB,28.10275,-80.64581,[1.],[11.376834],[16.293499],[6.0935],[9.047899],[14.470127],[2.9234438],[13.203954],[27.],[345.3646],[15.28],[2.3918467],0,0,[37864.41],[34422.375],[0.],[0.],[0.],[0.]
209377,01/12/2025 00:00,PBI,26.68316,-80.09559,[2.],[15.934081],[21.0195],[11.0195],[14.450778],[20.390562],[8.438359],[13.830749],[31.319998],[333.07544],[15.36],[2.9605436],0,0,[38201.902],[34731.508],[0.],[0.],[0.],[0.]
210606,01/12/2025 00:00,PNS,30.47331,-87.18744,[53.],[6.623251],[12.3545],[1.0545],[3.6512845],[9.317273],[-2.3612947],[16.85669],[38.16],[74.68714],[10.27],[1.3670845],0,0,[37270.742],[25417.98],[1.8],[1.8],[0.],[4.]
211102,01/12/2025 00:00,RSW,26.53617,-81.75517,[1.],[14.254917],[19.869501],[9.1195],[12.583104],[19.062628],[6.961731],[10.621525],[20.519999],[13.506034],[15.44],[2.7325034],0,0,[38235.156],[34770.312],[0.],[0.],[0.],[0.]
213437,01/12/2025 00:00,SRQ,27.39533,-82.55411,[3.],[11.789584],[15.05],[7.4],[9.447235],[13.110134],[4.5144997],[13.403656],[21.24],[20.514996],[15.25],[2.3601234],0,0,[38034.29],[34551.035],[0.],[0.],[0.],[0.]
213732,01/12/2025 00:00,TLH,30.39653,-84.35033,[3.],[4.405],[11.08],[-2.27],[1.5263166],[8.513741],[-5.898004],[8.297589],[17.64],[52.17878],[14.18],[1.7666519],0,0,[37286.355],[34196.773],[0.],[0.],[0.],[0.]
213749,01/12/2025 00:00,TPA,27.97547,-82.53325,[2.],[10.678668],[16.737],[5.237],[8.434409],[14.838551],[2.1850734],[11.043261],[23.4],[22.707294],[15.26],[2.2551565],0,0,[37898.574],[34381.74],[0.],[0.],[0.],[0.]
214136,01/12/2025 00:00,VPS,30.48325,-86.5254,[53.],[5.91075],[10.804501],[-0.34550002],[2.638631],[7.8511486],[-3.5613456],[14.248452],[26.28],[79.23395],[12.18],[1.7335083],0,0,[37270.742],[28214.8],[1.2],[1.2],[0.],[3.]
217773,1/13/2025 12:00:00 AM,DAB,29.17992,-81.05806,[63.],[13.491916],[18.2565],[9.7565],[12.085605],[17.69217],[8.146821],[19.48661],[37.079998],[30.481321],[5.67],[1.1825727],0,0,[37641.992],[8013.146],[5.6],[5.6],[0.],[6.]
220828,1/13/2025 12:00:00 AM,EYW,24.55611,-81.75956,[0.],[21.452585],[22.263],[19.313],[23.065704],[25.278671],[18.28461],[21.611996],[29.519999],[129.25134],[16.42],[2.7667189],0,0,[38736.17],[35709.902],[0.],[0.],[0.],[0.]
220941,1/13/2025 12:00:00 AM,FLL,26.07258,-80.15275,[3.],[21.180418],[25.7825],[16.182499],[22.413115],[27.552721],[16.463991],[13.789691],[33.12],[140.41634],[13.59],[2.6862304],0,0,[38398.11],[35371.047],[0.],[0.],[0.],[0.]
221294,1/13/2025 12:00:00 AM,GNV,29.69006,-82.27178,[63.],[8.95625],[11.1],[7.3],[6.0504746],[8.453457],[4.3696566],[15.2947035],[39.239998],[40.90763],[2.06],[0.8218485],0,0,[37520.03],[0.],[18.1],[18.1],[0.],[8.]
222518,1/13/2025 12:00:00 AM,JAX,30.49406,-81.68786,[63.],[7.726833],[9.2435],[6.2435],[5.6081276],[7.3822107],[3.7687445],[12.351988],[23.4],[20.231325],[2.83],[0.44087514],0,0,[37325.777],[0.],[34.100002],[34.100002],[0.],[18.]
224670,1/13/2025 12:00:00 AM,MCO,28.42889,-81.31603,[55.],[14.648417],[20.463001],[9.563],[13.391464],[19.610636],[7.578761],[10.534229],[23.4],[71.33041],[6.97],[1.6495137],0,0,[37831.16],[9599.128],[2.],[2.],[0.],[2.]
225373,1/13/2025 12:00:00 AM,MIA,25.79325,-80.29056,[2.],[21.385084],[27.2455],[16.595499],[22.6373],[28.815838],[16.470406],[12.538134],[34.2],[142.69594],[13.76],[2.8034778],0,0,[38463.17],[35509.805],[0.],[0.],[0.],[0.]
225754,1/13/2025 12:00:00 AM,MLB,28.10275,-80.64581,[3.],[17.239332],[21.543499],[12.643499],[16.727026],[21.592733],[11.356575],[18.201372],[33.839996],[81.91169],[11.54],[2.2181053],0,0,[37916.176],[29841.773],[0.],[0.],[0.],[0.]
227433,1/13/2025 12:00:00 AM,PBI,26.68316,-80.09559,[3.],[20.596584],[25.6695],[15.669499],[21.398588],[27.086874],[15.567167],[14.731435],[33.48],[151.3149],[13.29],[2.6854153],0,0,[38250.504],[34960.543],[0.],[0.],[0.],[0.]
229097,1/13/2025 12:00:00 AM,RSW,26.53617,-81.75517,[0.],[18.479918],[26.4195],[12.6195],[18.690493],[28.150177],[10.380053],[14.292725],[31.68],[157.76668],[15.28],[2.976112],0,0,[38283.453],[34819.613],[0.],[0.],[0.],[0.]
231581,1/13/2025 12:00:00 AM,TLH,30.39653,-84.35033,[65.],[7.284168],[8.9800005],[5.23],[4.5467954],[6.2258835],[1.7989454],[14.861722],[30.239998],[41.0746],[2.18],[0.4489118],0,0,[37343.574],[0.],[42.],[42.],[0.],[13.]
231608,1/13/2025 12:00:00 AM,TPA,27.97547,-82.53325,[63.],[16.670334],[23.687],[11.237],[15.419804],[23.495707],[8.383429],[21.265154],[42.48],[152.91089],[10.48],[2.4278595],0,0,[37950.016],[29759.97],[5.],[5.],[0.],[3.]
231972,1/13/2025 12:00:00 AM,VPS,30.48325,-86.5254,[63.],[8.360751],[12.5045],[6.3045],[5.3036222],[9.372302],[2.850317],[18.620214],[37.44],[34.76046],[6.48],[0.9919634],0,0,[37328.215],[14728.758],[23.499998],[23.499998],[0.],[12.]
237986,1/14/2025 12:00:00 AM,EYW,24.55611,-81.75956,[51.],[20.613],[21.663],[19.363],[21.828756],[25.163754],[18.355505],[27.959743],[36.36],[1.7498993],[8.72],[1.2944418],0,0,[38781.93],[19625.025],[0.2],[0.2],[0.],[2.]
238084,1/14/2025 12:00:00 AM,FLL,26.07258,-80.15275,[51.],[20.732502],[24.2825],[16.4825],[22.016329],[25.559933],[15.774639],[15.338071],[32.760002],[327.66745],[10.2],[2.0992417],0,0,[38447.16],[24943.043],[0.1],[0.1],[0.],[1.]
239459,1/14/2025 12:00:00 AM,JAX,30.49406,-81.68786,[3.],[8.695584],[14.5435],[4.2935004],[5.4982047],[11.071543],[0.7175951],[14.206323],[29.16],[335.14243],[15.18],[2.2276537],0,0,[37385.387],[33907.156],[0.],[0.],[0.],[0.]
241411,1/14/2025 12:00:00 AM,MCO,28.42889,-81.31603,[53.],[13.123418],[17.213001],[9.962999],[10.792855],[15.459799],[6.2805414],[15.328561],[33.48],[358.3865],[13.21],[2.3634126],0,0,[37885.77],[27339.234],[1.4000001],[1.4000001],[0.],[5.]
242041,1/14/2025 12:00:00 AM,MIA,25.79325,-80.29056,[51.],[21.218416],[25.2955],[17.1955],[23.02062],[27.076681],[17.106934],[10.8955765],[27.72],[323.8128],[8.47],[1.8268255],0,0,[38511.59],[19613.555],[0.4],[0.4],[0.],[2.]
242367,1/14/2025 12:00:00 AM,MLB,28.10275,-80.64581,[53.],[15.103913],[20.3935],[11.2935],[13.234765],[21.573263],[8.250529],[18.762354],[42.12],[343.31204],[12.72],[2.1991434],0,0,[37969.945],[30198.28],[2.5],[2.5],[0.],[6.]
243869,1/14/2025 12:00:00 AM,PBI,26.68316,-80.09559,[3.],[19.879917],[21.5195],[17.8195],[20.101454],[22.691301],[16.691742],[21.746504],[48.6],[327.90744],[11.21],[2.2675676],0,0,[38300.992],[28806.686],[0.],[0.],[0.],[0.]
245245,1/14/2025 12:00:00 AM,RSW,26.53617,-81.75517,[3.],[18.698668],[20.719501],[14.669499],[18.49771],[22.488253],[12.169216],[18.044046],[37.079998],[8.471078],[14.73],[2.722527],0,0,[38333.625],[34274.25],[0.],[0.],[0.],[0.]
247198,1/14/2025 12:00:00 AM,SRQ,27.39533,-82.55411,[51.],[15.135418],[17.95],[12.25],[13.011729],[18.07075],[9.469684],[23.030151],[29.519999],[1.14066],[14.83],[2.4404364],0,0,[38136.58],[33650.395],[0.5],[0.5],[0.],[3.]
247454,1/14/2025 12:00:00 AM,TPA,27.97547,-82.53325,[51.],[14.2474165],[18.937],[10.837001],[12.091308],[20.600592],[8.041698],[18.930832],[37.8],[5.467899],[15.17],[2.5922105],0,0,[38003.457],[34260.824],[0.2],[0.2],[0.],[2.]
247754,1/14/2025 12:00:00 AM,VPS,30.48325,-86.5254,[3.],[7.871168],[13.804501],[2.1545],[3.9025428],[9.660974],[-2.2211852],[15.68584],[31.68],[8.722019],[14.28],[2.4146667],0,0,[37387.914],[34304.457],[0.],[0.],[0.],[0.]
253951,1/15/2025 12:00:00 AM,FLL,26.07258,-80.15275,[3.],[18.186666],[22.582499],[14.0825],[16.80134],[20.925997],[12.63059],[19.044306],[45.],[5.0496593],[14.53],[3.1617212],0,0,[38497.96],[34599.16],[0.],[0.],[0.],[0.]
255373,1/15/2025 12:00:00 AM,JAX,30.49406,-81.68786,[3.],[8.556],[14.7435],[4.8435],[5.146564],[11.092853],[0.8527465],[10.931203],[26.28],[332.21515],[10.59],[2.066464],0,0,[37447.105],[22855.543],[0.],[0.],[0.],[0.]
257340,1/15/2025 12:00:00 AM,MCO,28.42889,-81.31603,[3.],[10.792167],[15.412999],[7.513],[7.511177],[12.204912],[3.7752953],[14.224556],[33.48],[4.599536],[10.98],[2.313213],0,0,[37942.316],[21708.736],[0.],[0.],[0.],[0.]
257955,1/15/2025 12:00:00 AM,MIA,25.79325,-80.29056,[3.],[18.718416],[23.6455],[14.4955],[17.785568],[22.61006],[13.388412],[16.039202],[39.6],[15.304969],[15.46],[3.2138803],0,0,[38561.734],[35325.69],[0.],[0.],[0.],[0.]
259872,1/15/2025 12:00:00 AM,PBI,26.68316,-80.09559,[3.],[18.871584],[21.619501],[16.219501],[17.202202],[19.116518],[15.230049],[19.969458],[47.519997],[8.366699],[11.6],[3.1268425],0,0,[38353.29],[27636.686],[0.],[0.],[0.],[0.]
260816,1/15/2025 12:00:00 AM,PNS,30.47331,-87.18744,[3.],[10.025333],[14.2545],[7.3545003],[6.946317],[11.182079],[3.6808414],[11.656998],[25.56],[38.49507],[9.06],[1.936791],0,0,[37449.723],[15744.33],[0.],[0.],[0.],[0.]
261254,1/15/2025 12:00:00 AM,RSW,26.53617,-81.75517,[3.],[15.117417],[20.119501],[10.669499],[12.3538475],[17.547352],[6.4945116],[15.668273],[35.64],[34.026352],[10.07],[2.8479025],0,0,[38385.582],[24639.389],[0.],[0.],[0.],[0.]
263516,1/15/2025 12:00:00 AM,TPA,27.97547,-82.53325,[51.],[11.282834],[14.737],[8.187],[7.936032],[11.660761],[4.2281094],[13.8049555],[31.68],[31.944702],[7.75],[2.1048198],0,0,[38058.797],[14107.6875],[0.2],[0.2],[0.],[2.]
263793,1/15/2025 12:00:00 AM,VPS,30.48325,-86.5254,[3.],[9.906585],[14.554501],[7.4045],[6.586359],[11.407797],[3.5838423],[12.221456],[24.119999],[30.699669],[9.16],[2.0507228],0,0,[37449.723],[24125.174],[0.],[0.],[0.],[0.]
270743,1/16/2025 12:00:00 AM,EYW,24.55611,-81.75956,[51.],[21.667166],[22.413],[20.913],[20.816565],[22.111816],[18.610085],[28.73242],[37.44],[92.102516],[10.35],[2.9974847],0,0,[38878.277],[13592.381],[0.5],[0.5],[0.],[2.]
270842,1/16/2025 12:00:00 AM,FLL,26.07258,-80.15275,[51.],[18.842916],[22.3825],[15.2325],[18.902937],[22.298887],[14.590519],[11.7],[30.960001],[54.99233],[8.5],[1.9358164],0,0,[38550.43],[15996.1],[0.4],[0.4],[0.],[3.]
272488,1/16/2025 12:00:00 AM,JAX,30.49406,-81.68786,[51.],[9.806],[16.4435],[4.2435],[6.8578887],[13.134712],[1.5952511],[11.705537],[27.],[262.28134],[14.66],[2.4889035],0,0,[37510.844],[30213.389],[0.2],[0.2],[0.],[2.]
274705,1/16/2025 12:00:00 AM,MCO,28.42889,-81.31603,[3.],[11.133834],[15.113],[7.963],[8.652077],[13.3866005],[4.8066263],[14.796175],[28.44],[358.32047],[8.21],[1.682866],0,0,[38000.72],[14942.57],[0.],[0.],[0.],[0.]
275458,1/16/2025 12:00:00 AM,MIA,25.79325,-80.29056,[53.],[18.853838],[23.1955],[15.3955],[18.985773],[22.541252],[15.109957],[13.346729],[36.],[43.160336],[9.13],[2.0738525],0,0,[38613.523],[10992.161],[1.1],[1.1],[0.],[3.]
277563,1/16/2025 12:00:00 AM,PBI,26.68316,-80.09559,[3.],[19.60075],[22.369501],[17.5195],[19.171677],[21.119246],[16.697538],[12.841963],[32.039997],[26.879488],[8.18],[2.1573966],0,0,[38407.297],[14435.633],[0.],[0.],[0.],[0.]
278794,1/16/2025 12:00:00 AM,PNS,30.47331,-87.18744,[51.],[10.750333],[16.2045],[3.2045],[8.276002],[13.5390835],[0.9645724],[9.9587345],[20.880001],[313.8898],[15.21],[2.4350145],0,0,[37513.543],[34441.883],[0.1],[0.1],[0.],[1.]
279297,1/16/2025 12:00:00 AM,RSW,26.53617,-81.75517,[51.],[16.26325],[19.619501],[13.419499],[14.843419],[18.373947],[11.05089],[14.634343],[33.839996],[51.604145],[8.97],[2.1615868],0,0,[38439.246],[17262.857],[0.2],[0.2],[0.],[1.]
281633,1/16/2025 12:00:00 AM,SRQ,27.39533,-82.55411,[3.],[14.143749],[17.2],[11.1],[11.0948715],[15.576021],[7.4071474],[19.201874],[28.08],[48.050125],[6.16],[2.2762957],0,0,[38246.3],[5543.368],[0.],[0.],[0.],[0.]
281943,1/16/2025 12:00:00 AM,TPA,27.97547,-82.53325,[3.],[12.603667],[17.587],[8.287001],[10.023799],[16.130188],[5.013727],[14.148046],[30.599998],[40.04849],[10.08],[2.185906],0,0,[38115.95],[20581.271],[0.],[0.],[0.],[0.]
282325,1/16/2025 12:00:00 AM,VPS,30.48325,-86.5254,[53.],[10.989915],[16.7045],[6.8045],[8.259173],[13.692516],[4.007205],[10.855358],[25.199999],[316.7217],[15.17],[2.5934932],0,0,[37513.543],[34441.883],[0.9],[0.9],[0.],[1.]
286080,1/17/2025 12:00:00 AM,DAB,29.17992,-81.05806,[3.],[10.883584],[16.0565],[5.3564997],[8.834108],[14.271181],[2.748087],[9.67657],[25.199999],[356.2524],[15.26],[2.2642984],0,0,[37879.56],[34313.742],[0.],[0.],[0.],[0.]
289212,1/17/2025 12:00:00 AM,EYW,24.55611,-81.75956,[63.],[21.58175],[22.463001],[20.713001],[22.525948],[24.359081],[20.996056],[25.890608],[33.48],[133.92473],[6.61],[1.5155791],0,0,[38928.72],[8489.367],[29.100002],[29.100002],[0.],[23.]
289313,1/17/2025 12:00:00 AM,FLL,26.07258,-80.15275,[63.],[19.849167],[21.4825],[18.432499],[21.051008],[22.45278],[19.998835],[20.558647],[40.32],[117.16203],[6.59],[1.3612134],0,0,[38604.484],[14179.431],[15.6],[15.6],[0.],[16.]
290956,1/17/2025 12:00:00 AM,JAX,30.49406,-81.68786,[3.],[9.153917],[16.2435],[2.8935],[6.5905995],[14.351425],[-0.17531633],[9.914717],[19.44],[204.77513],[15.09],[2.2724612],0,0,[37576.496],[34140.33],[0.],[0.],[0.],[0.]
293151,1/17/2025 12:00:00 AM,MCO,28.42889,-81.31603,[3.],[13.1380005],[19.663],[8.113],[10.97995],[17.601946],[4.9852486],[10.266314],[21.96],[22.102455],[14.],[2.5457373],0,0,[38060.887],[33073.86],[0.],[0.],[0.],[0.]
293902,1/17/2025 12:00:00 AM,MIA,25.79325,-80.29056,[61.],[20.197584],[21.9455],[18.345499],[21.738146],[23.547943],[20.328878],[14.926983],[32.760002],[106.20192],[7.56],[1.5141788],0,0,[38666.88],[20737.998],[10.9],[10.9],[0.],[20.]
294292,1/17/2025 12:00:00 AM,MLB,28.10275,-80.64581,[3.],[14.843501],[18.9935],[11.4935],[12.899429],[19.33691],[8.552507],[12.886039],[30.599998],[6.3073015],[11.02],[2.344676],0,0,[38142.39],[25497.695],[0.],[0.],[0.],[0.]
296009,1/17/2025 12:00:00 AM,PBI,26.68316,-80.09559,[61.],[18.929914],[21.619501],[15.8195],[19.3554],[21.68315],[15.973957],[17.47484],[39.239998],[57.826103],[7.93],[1.6381166],0,0,[38462.938],[19050.746],[7.2999997],[7.2999997],[0.],[15.]
297213,1/17/2025 12:00:00 AM,PNS,30.47331,-87.18744,[3.],[10.808666],[16.5545],[3.8545],[8.309877],[14.127167],[0.5142851],[19.829433],[38.519997],[133.49982],[14.59],[2.3083446],0,0,[37579.273],[32964.77],[0.],[0.],[0.],[0.]
297721,1/17/2025 12:00:00 AM,RSW,26.53617,-81.75517,[51.],[16.96325],[20.2695],[14.3695],[15.915756],[18.923647],[11.949842],[13.141232],[29.16],[50.90614],[7.1],[1.8789314],0,0,[38494.535],[12270.816],[0.7],[0.7],[0.],[5.]
300046,1/17/2025 12:00:00 AM,SRQ,27.39533,-82.55411,[3.],[16.174997],[19.9],[13.2],[13.884102],[18.254646],[9.467896],[15.742541],[22.319998],[55.80244],[12.89],[2.9808996],0,0,[38303.73],[34592.75],[0.],[0.],[0.],[0.]
300354,1/17/2025 12:00:00 AM,TPA,27.97547,-82.53325,[3.],[13.995331],[19.687],[9.687],[11.823745],[17.953789],[6.718032],[10.9859],[26.28],[53.130035],[13.91],[2.6728103],0,0,[38174.832],[34574.97],[0.],[0.],[0.],[0.]
300744,1/17/2025 12:00:00 AM,VPS,30.48325,-86.5254,[3.],[10.569083],[15.1545],[3.4045],[7.652193],[12.9482765],[-0.12138367],[15.841022],[30.960001],[121.73483],[14.55],[2.488943],0,0,[37579.273],[34512.97],[0.],[0.],[0.],[0.]
306259,1/18/2025 12:00:00 AM,EYW,24.55611,-81.75956,[55.],[22.64425],[23.313],[21.413],[24.685328],[27.958462],[22.728172],[26.769215],[32.760002],[204.67749],[16.17],[2.5298593],0,0,[38980.56],[35440.305],[2.3],[2.3],[0.],[3.]
306353,1/18/2025 12:00:00 AM,FLL,26.07258,-80.15275,[63.],[23.130417],[26.8825],[20.682499],[24.808542],[28.055927],[21.533117],[21.815674],[43.56],[204.49892],[13.13],[2.6871161],0,0,[38660.043],[33294.305],[6.7],[6.7],[0.],[11.]
307760,1/18/2025 12:00:00 AM,JAX,30.49406,-81.68786,[63.],[14.578915],[20.4935],[9.393499],[13.949487],[20.711521],[7.2916565],[18.016191],[35.28],[207.65878],[6.8],[1.2648559],0,0,[37643.97],[12741.414],[18.3],[18.3],[0.],[10.]
309428,1/18/2025 12:00:00 AM,MCO,28.42889,-81.31603,[3.],[18.829668],[23.863],[14.313],[19.051588],[23.186832],[13.541052],[16.13286],[37.44],[210.03802],[11.24],[2.2448437],0,0,[38122.72],[24650.227],[0.],[0.],[0.],[0.]
310052,1/18/2025 12:00:00 AM,MIA,25.79325,-80.29056,[61.],[22.957998],[26.845499],[20.2455],[25.04373],[28.310032],[22.03543],[19.89631],[45.36],[204.30559],[13.46],[2.6299212],0,0,[38721.727],[34219.617],[3.7999992],[3.7999992],[0.],[13.]
311807,1/18/2025 12:00:00 AM,PBI,26.68316,-80.09559,[63.],[22.92575],[27.0695],[20.4195],[24.068632],[27.711609],[20.795973],[22.963936],[49.68],[202.96002],[12.59],[2.7559757],0,0,[38520.13],[28800.],[6.7],[6.7],[0.],[8.]
312708,1/18/2025 12:00:00 AM,PNS,30.47331,-87.18744,[63.],[17.829498],[19.9545],[16.0545],[17.159998],[20.327797],[14.195711],[25.911247],[52.56],[214.10846],[5.61],[1.3140852],0,0,[37646.82],[3647.2546],[11.299999],[11.299999],[0.],[15.]
313103,1/18/2025 12:00:00 AM,RSW,26.53617,-81.75517,[51.],[20.44242],[23.9195],[17.219501],[22.115044],[25.480192],[17.974836],[16.16897],[37.079998],[192.68457],[12.5],[2.1774328],0,0,[38551.363],[25688.453],[0.1],[0.1],[0.],[1.]
314905,1/18/2025 12:00:00 AM,SRQ,27.39533,-82.55411,[3.],[17.872917],[18.95],[16.9],[18.382599],[19.986477],[16.493765],[20.79448],[25.199999],[170.35335],[10.85],[1.6365349],0,0,[38362.754],[25105.785],[0.],[0.],[0.],[0.]
315132,1/18/2025 12:00:00 AM,TLH,30.39653,-84.35033,[63.],[14.48],[21.529999],[7.23],[13.713745],[20.831533],[4.2449627],[23.801556],[52.92],[189.72395],[5.52],[1.1547723],0,0,[37660.824],[11415.843],[11.1],[11.1],[0.],[10.]
315152,1/18/2025 12:00:00 AM,TPA,27.97547,-82.53325,[51.],[18.164082],[21.786999],[13.987],[18.276968],[21.889786],[12.999527],[18.289274],[41.399998],[189.77768],[10.62],[1.9616979],0,0,[38235.348],[23860.201],[0.1],[0.1],[0.],[1.]
318837,1/19/2025 12:00:00 AM,DAB,29.17992,-81.05806,[63.],[18.802332],[21.3565],[15.0565],[18.779387],[21.516626],[13.1342125],[24.913586],[51.48],[233.61026],[4.52],[0.9914193],0,0,[38009.07],[3073.9067],[9.800001],[9.800001],[0.],[11.]
321767,1/19/2025 12:00:00 AM,EYW,24.55611,-81.75956,[63.],[22.631752],[23.313],[21.213001],[24.568787],[26.478361],[20.325687],[35.203693],[46.44],[202.22992],[16.73],[2.4665134],0,0,[39033.74],[35900.777],[4.4999995],[4.4999995],[0.],[5.]
321856,1/19/2025 12:00:00 AM,FLL,26.07258,-80.15275,[53.],[23.324167],[27.182499],[20.3825],[25.469679],[28.60305],[23.02048],[20.696087],[46.079998],[219.17758],[14.51],[2.8592248],0,0,[38717.03],[35817.293],[1.2],[1.2],[0.],[6.]
322225,1/19/2025 12:00:00 AM,GNV,29.69006,-82.27178,[63.],[17.262503],[19.25],[10.75],[16.942745],[20.451113],[6.6762733],[23.770906],[54.719997],[243.11111],[3.75],[1.0090407],0,0,[37894.926],[1714.1309],[25.400003],[25.400003],[0.],[14.]
323380,1/19/2025 12:00:00 AM,JAX,30.49406,-81.68786,[65.],[16.193499],[19.293499],[9.5435],[15.343102],[20.024061],[5.1871605],[31.454708],[62.639996],[238.44125],[3.98],[1.191963],0,0,[37713.16],[3600.],[42.999996],[42.999996],[0.],[11.]
325370,1/19/2025 12:00:00 AM,MCO,28.42889,-81.31603,[63.],[18.692167],[22.613],[14.412999],[19.018263],[23.248436],[13.425913],[22.35626],[48.239998],[230.57637],[4.07],[0.8904743],0,0,[38186.137],[3600.],[15.7],[15.7],[0.],[11.]
326072,1/19/2025 12:00:00 AM,MIA,25.79325,-80.29056,[61.],[23.185083],[26.845499],[20.095499],[25.569868],[28.223679],[23.157305],[19.987295],[44.28],[215.119],[14.51],[2.828499],0,0,[38777.98],[35406.723],[3.3999999],[3.3999999],[0.],[9.]
326460,1/19/2025 12:00:00 AM,MLB,28.10275,-80.64581,[63.],[20.26225],[26.7435],[15.7935],[20.820566],[26.233047],[14.903128],[24.983713],[57.96],[233.4775],[7.02],[1.5414443],0,0,[38265.727],[8637.717],[12.3],[12.3],[0.],[11.]
328016,1/19/2025 12:00:00 AM,PBI,26.68316,-80.09559,[61.],[23.029917],[28.119501],[20.3195],[24.506777],[28.106941],[22.079956],[23.623928],[54.],[226.111],[14.52],[3.0533614],0,0,[38578.785],[34630.902],[3.2000003],[3.2000003],[0.],[7.]
329119,1/19/2025 12:00:00 AM,PNS,30.47331,-87.18744,[53.],[9.706584],[15.9045],[1.1545],[5.8512383],[15.498983],[-4.5239587],[22.942055],[51.48],[324.12704],[14.],[2.136703],0,0,[37716.08],[32291.363],[0.8],[0.8],[0.],[2.]
329558,1/19/2025 12:00:00 AM,RSW,26.53617,-81.75517,[55.],[21.367418],[25.969501],[17.3195],[22.6641],[27.044899],[17.116695],[28.986708],[59.76],[219.07857],[12.74],[2.2772222],0,0,[38609.64],[28006.89],[3.1],[3.1],[0.],[6.]
331658,1/19/2025 12:00:00 AM,SRQ,27.39533,-82.55411,[65.],[18.016668],[19.7],[14.9],[17.156881],[19.14317],[13.446711],[30.479586],[41.760002],[234.25865],[5.54],[0.96719396],0,0,[38423.293],[9178.747],[15.1],[15.1],[0.],[12.]
331934,1/19/2025 12:00:00 AM,TLH,30.39653,-84.35033,[63.],[13.782083],[16.58],[4.13],[12.180023],[17.812597],[-0.22742319],[18.75631],[41.039997],[299.23306],[6.58],[1.5066011],0,0,[37729.812],[10387.552],[20.800001],[20.800001],[0.],[7.]
331949,1/19/2025 12:00:00 AM,TPA,27.97547,-82.53325,[63.],[18.528666],[20.937],[13.737],[18.345377],[21.243809],[11.548634],[26.820604],[51.839996],[237.36755],[3.63],[0.7566872],0,0,[38297.414],[268.23068],[19.1],[19.1],[0.],[12.]
332314,1/19/2025 12:00:00 AM,VPS,30.48325,-86.5254,[63.],[10.833667],[17.0045],[1.3045],[7.224256],[16.472275],[-4.2344956],[25.408068],[55.44],[320.40262],[13.79],[2.293891],0,0,[37716.08],[31972.299],[7.2],[7.2],[0.],[1.]
339285,1/20/2025 12:00:00 AM,EYW,24.55611,-81.75956,[61.],[19.210917],[21.163],[17.963001],[17.524216],[21.555775],[15.106701],[34.875435],[47.88],[13.791208],[10.41],[2.0219274],0,0,[39088.18],[12803.6875],[4.2],[4.2],[0.],[9.]
339383,1/20/2025 12:00:00 AM,FLL,26.07258,-80.15275,[61.],[18.034584],[21.7325],[15.132501],[18.39921],[25.288727],[13.966373],[16.208998],[32.039997],[347.57892],[4.38],[0.9473418],0,0,[38775.37],[0.],[11.800001],[11.800001],[0.],[19.]
339764,1/20/2025 12:00:00 AM,GNV,29.69006,-82.27178,[3.],[5.3979173],[9.5],[1.05],[0.9963476],[5.309889],[-3.787171],[17.82091],[39.239998],[358.72238],[14.67],[2.3157115],0,0,[37963.46],[31367.967],[0.],[0.],[0.],[0.]
341035,1/20/2025 12:00:00 AM,JAX,30.49406,-81.68786,[3.],[4.4351664],[8.4935],[0.2435],[0.2539546],[4.560959],[-4.5888195],[19.228851],[40.68],[345.52594],[14.5],[2.0190284],0,0,[37783.973],[34039.336],[0.],[0.],[0.],[0.]
343253,1/20/2025 12:00:00 AM,MCO,28.42889,-81.31603,[3.],[9.902583],[14.212999],[6.563],[6.6182785],[13.243221],[3.1170945],[16.78156],[33.48],[358.3925],[14.43],[2.2741206],0,0,[38251.043],[30515.557],[0.],[0.],[0.],[0.]
344005,1/20/2025 12:00:00 AM,MIA,25.79325,-80.29056,[65.],[17.974669],[21.345499],[15.1455],[18.635967],[24.681273],[14.214596],[14.081478],[31.319998],[347.09528],[4.49],[0.93658495],0,0,[38835.562],[639.02844],[21.099998],[21.099998],[0.],[14.]
344404,1/20/2025 12:00:00 AM,MLB,28.10275,-80.64581,[3.],[11.864334],[14.7435],[9.9935],[8.863742],[13.701227],[6.560604],[20.728153],[45.],[348.87875],[12.74],[2.0212007],0,0,[38329.65],[25200.],[0.],[0.],[0.],[0.]
346138,1/20/2025 12:00:00 AM,PBI,26.68316,-80.09559,[63.],[17.965334],[20.3195],[15.9695],[17.304398],[21.491226],[14.716864],[20.497883],[42.839996],[353.73276],[3.21],[1.1485645],0,0,[38638.83],[0.],[13.300002],[13.300002],[0.],[17.]
347336,1/20/2025 12:00:00 AM,PNS,30.47331,-87.18744,[3.],[0.6315834],[4.6545],[-3.2955],[-4.8501334],[-0.5111289],[-8.777107],[19.245697],[43.56],[6.3107576],[16.03],[2.1495407],0,0,[37786.957],[34739.88],[0.],[0.],[0.],[0.]
347841,1/20/2025 12:00:00 AM,RSW,26.53617,-81.75517,[3.],[15.386167],[18.869501],[11.8695],[13.3567705],[16.979895],[9.916901],[17.208603],[36.],[14.398275],[14.12],[2.8126373],0,0,[38669.305],[34078.33],[0.],[0.],[0.],[0.]
350199,1/20/2025 12:00:00 AM,SRQ,27.39533,-82.55411,[3.],[11.7541685],[14.6],[9.75],[8.166672],[12.67692],[5.595804],[23.623928],[32.399998],[9.396391],[14.57],[2.5222194],0,0,[38485.254],[31410.043],[0.],[0.],[0.],[0.]
350489,1/20/2025 12:00:00 AM,TLH,30.39653,-84.35033,[3.],[2.6112497],[6.73],[-1.37],[-2.0568902],[2.3880396],[-5.921337],[15.496736],[33.839996],[2.5176125],[15.8],[2.1466637],0,0,[37800.41],[34710.375],[0.],[0.],[0.],[0.]
350511,1/20/2025 12:00:00 AM,TPA,27.97547,-82.53325,[3.],[10.272416],[13.287001],[6.837],[6.7328563],[10.744311],[2.8067331],[17.088627],[34.92],[7.8542576],[15.08],[2.5638876],0,0,[38360.934],[31362.12],[0.],[0.],[0.],[0.]
350898,1/20/2025 12:00:00 AM,VPS,30.48325,-86.5254,[3.],[1.242],[5.7045],[-2.7455],[-4.131683],[0.6577163],[-8.18413],[18.151463],[42.12],[4.2227144],[15.97],[2.2883675],0,0,[37786.957],[34739.883],[0.],[0.],[0.],[0.]
354240,1/21/2025 12:00:00 AM,DAB,29.17992,-81.05806,[61.],[10.798167],[15.856501],[6.0065],[8.1185255],[14.698778],[1.3203936],[25.7903],[52.56],[343.71185],[5.18],[1.1457579],0,0,[38144.742],[4608.783],[4.8],[4.8],[0.],[8.]
357066,1/21/2025 12:00:00 AM,EYW,24.55611,-81.75956,[3.],[20.965086],[22.013],[19.113],[21.906158],[25.91896],[16.981478],[32.81978],[46.079998],[36.693092],[14.19],[2.3105469],0,0,[39143.797],[34852.055],[0.],[0.],[0.],[0.]
357158,1/21/2025 12:00:00 AM,FLL,26.07258,-80.15275,[53.],[21.834585],[24.8825],[19.1325],[24.163704],[27.869968],[19.655516],[18.329973],[34.2],[82.39898],[9.24],[1.8171519],0,0,[38834.97],[22855.182],[2.],[2.],[0.],[8.]
357445,1/21/2025 12:00:00 AM,GNV,29.69006,-82.27178,[63.],[5.3437495],[10.05],[1.3],[1.2031854],[6.7620983],[-3.5350342],[21.9718],[46.079998],[8.938796],[4.54],[1.2186779],0,0,[38033.48],[4892.718],[12.7],[12.7],[0.],[9.]
358562,1/21/2025 12:00:00 AM,JAX,30.49406,-81.68786,[63.],[4.6122494],[8.9935],[0.44349998],[0.42103615],[4.825947],[-4.7523394],[22.553936],[42.12],[354.34387],[4.5],[1.0180881],0,0,[37856.312],[3602.068],[11.7],[11.7],[0.],[12.]
360496,1/21/2025 12:00:00 AM,MCO,28.42889,-81.31603,[65.],[10.081751],[15.863],[5.963],[7.730223],[15.546904],[1.7169857],[21.077686],[42.12],[3.4958594],[3.97],[0.76075506],0,0,[38317.355],[2289.7427],[37.899998],[37.899998],[0.],[18.]
361131,1/21/2025 12:00:00 AM,MIA,25.79325,-80.29056,[51.],[21.65592],[25.1955],[18.095499],[24.17417],[28.041847],[18.792269],[12.136325],[27.359999],[71.607346],[11.52],[2.1004274],0,0,[38894.395],[29591.502],[0.9000001],[0.9000001],[0.],[6.]
361487,1/21/2025 12:00:00 AM,MLB,28.10275,-80.64581,[63.],[14.19975],[17.7435],[11.143499],[12.497861],[17.665962],[7.3410816],[26.127295],[52.199997],[5.6991553],[3.87],[0.8809084],0,0,[38394.95],[1486.6729],[18.800003],[18.800003],[0.],[19.]
363015,1/21/2025 12:00:00 AM,PBI,26.68316,-80.09559,[61.],[20.927834],[23.1695],[19.1695],[22.735685],[26.474648],[18.377335],[19.660416],[40.32],[68.46057],[4.98],[1.2670267],0,0,[38700.168],[2973.1255],[4.],[4.],[0.],[11.]
364416,1/21/2025 12:00:00 AM,RSW,26.53617,-81.75517,[65.],[13.965332],[17.2695],[10.169499],[13.105426],[17.46361],[8.088712],[15.484185],[32.039997],[19.919855],[3.73],[0.850658],0,0,[38730.258],[0.],[12.099998],[12.099998],[0.],[13.]
366372,1/21/2025 12:00:00 AM,SRQ,27.39533,-82.55411,[61.],[11.029166],[15.6],[7.8],[8.014321],[15.371292],[3.7482243],[33.66048],[46.8],[33.237247],[3.49],[0.8710057],0,0,[38548.562],[0.],[10.6],[10.6],[0.],[19.]
366619,1/21/2025 12:00:00 AM,TLH,30.39653,-84.35033,[75.],[2.7966669],[9.2300005],[-1.07],[-2.363621],[4.635273],[-5.839287],[22.065973],[50.039997],[5.742691],[12.32],[2.1956997],0,0,[37872.54],[25200.],[10.1],[2.3000002],[5.46],[5.]
366640,1/21/2025 12:00:00 AM,TPA,27.97547,-82.53325,[61.],[9.311999],[14.937],[6.137],[6.2768235],[14.228462],[1.5201225],[25.950605],[52.56],[24.021164],[3.87],[0.9640612],0,0,[38425.836],[3061.2053],[9.3],[9.3],[0.],[15.]
366956,1/21/2025 12:00:00 AM,VPS,30.48325,-86.5254,[75.],[-1.1934167],[0.8545],[-3.9455001],[-7.0736566],[-4.85731],[-9.650296],[23.084955],[51.12],[8.688838],[3.69],[1.231139],0,0,[37859.355],[2924.2603],[14.2],[0.],[9.9400015],[10.]
370285,1/22/2025 12:00:00 AM,DAB,29.17992,-81.05806,[63.],[7.489834],[10.8065],[3.0065],[3.1095371],[6.471842],[-2.2754812],[28.205488],[60.839996],[348.61743],[6.36],[0.9394518],0,0,[38214.664],[1865.7178],[17.3],[17.3],[0.],[11.]
373152,1/22/2025 12:00:00 AM,EYW,24.55611,-81.75956,[63.],[18.844252],[22.363],[16.313],[17.811945],[26.710915],[10.959478],[48.24302],[67.67999],[8.538164],[8.65],[1.3652748],0,0,[39200.54],[12496.691],[4.1],[4.1],[0.],[7.]
373248,1/22/2025 12:00:00 AM,FLL,26.07258,-80.15275,[53.],[16.215834],[21.332499],[12.0325],[16.017744],[24.530443],[9.759205],[20.530258],[45.],[321.57022],[4.4],[0.8395377],0,0,[38895.758],[0.],[2.5],[2.5],[0.],[11.]
373540,1/22/2025 12:00:00 AM,GNV,29.69006,-82.27178,[63.],[2.9708335],[8.7],[-0.55],[-1.2122818],[5.2893324],[-5.5729322],[18.865683],[44.639996],[15.427503],[15.21],[1.6913285],0,0,[38104.883],[30804.938],[16.599998],[16.599998],[0.],[9.]
374684,1/22/2025 12:00:00 AM,JAX,30.49406,-81.68786,[63.],[1.2039167],[5.5435004],[-1.2065],[-3.324771],[1.6377363],[-6.3486414],[20.067375],[43.56],[3.9156427],[12.53],[1.2342305],0,0,[37930.074],[26952.582],[20.8],[20.8],[0.],[10.]
376656,1/22/2025 12:00:00 AM,MCO,28.42889,-81.31603,[63.],[7.1567497],[12.813],[4.713],[3.2069008],[9.253148],[0.00871992],[23.304266],[49.68],[353.0483],[10.46],[1.3668293],0,0,[38384.99],[19114.686],[13.800001],[13.800001],[0.],[12.]
377272,1/22/2025 12:00:00 AM,MIA,25.79325,-80.29056,[61.],[16.395498],[20.6455],[12.7455],[16.577585],[23.898722],[10.735021],[18.35647],[40.68],[337.55798],[5.23],[0.9258229],0,0,[38954.41],[2165.1912],[3.6999998],[3.6999998],[0.],[11.]
377633,1/22/2025 12:00:00 AM,MLB,28.10275,-80.64581,[61.],[11.366418],[14.6935],[9.0435],[7.6264434],[11.072296],[4.7818727],[30.079395],[63.72],[341.2823],[5.94],[1.1741935],0,0,[38461.547],[6633.95],[8.400001],[8.400001],[0.],[11.]
379189,1/22/2025 12:00:00 AM,PBI,26.68316,-80.09559,[61.],[17.067413],[19.8195],[10.7195],[16.304605],[22.142298],[7.507613],[28.082308],[64.439995],[343.15842],[3.24],[0.86240023],0,0,[38762.74],[0.],[8.799999],[8.799999],[0.],[17.]
380617,1/22/2025 12:00:00 AM,RSW,26.53617,-81.75517,[53.],[11.175751],[15.919499],[7.0195],[8.322019],[15.443954],[3.513855],[21.605999],[43.199997],[9.431717],[10.33],[1.6832842],0,0,[38792.43],[18000.],[3.0999997],[3.0999997],[0.],[11.]
382607,1/22/2025 12:00:00 AM,SRQ,27.39533,-82.55411,[61.],[8.520833],[12.45],[6.5],[4.171831],[9.663338],[0.554718],[33.77531],[48.6],[10.178352],[14.54],[1.7187188],0,0,[38613.133],[30698.793],[5.1],[5.1],[0.],[8.]
382869,1/22/2025 12:00:00 AM,TPA,27.97547,-82.53325,[61.],[7.1557503],[13.337001],[4.037],[3.2553139],[10.423799],[-0.8886659],[25.79281],[54.36],[10.985024],[15.05],[1.9180973],0,0,[38492.027],[34680.56],[7.0000005],[7.0000005],[0.],[9.]
390078,1/23/2025 12:00:00 AM,EYW,24.55611,-81.75956,[51.],[17.338],[17.913],[16.913],[14.867062],[16.142365],[13.30164],[34.292717],[46.8],[340.3118],[11.96],[2.2086267],0,0,[39258.316],[20364.885],[0.6],[0.6],[0.],[5.]
390177,1/23/2025 12:00:00 AM,FLL,26.07258,-80.15275,[51.],[15.388749],[19.082499],[11.2325],[14.68721],[19.338],[8.865622],[15.2501545],[35.28],[306.3651],[10.34],[1.662072],0,0,[38957.668],[18491.662],[1.1000001],[1.1000001],[0.],[8.]
391807,1/23/2025 12:00:00 AM,JAX,30.49406,-81.68786,[51.],[3.43725],[10.5435],[-0.20650001],[-0.65239024],[6.4832363],[-4.3253922],[12.7279215],[29.16],[337.12003],[11.49],[1.7637401],0,0,[38005.18],[25290.916],[0.3],[0.3],[0.],[2.]
393996,1/23/2025 12:00:00 AM,MCO,28.42889,-81.31603,[51.],[7.735916],[10.662999],[5.163],[4.4092693],[7.529541],[1.3269081],[20.176065],[39.6],[337.46204],[5.02],[0.92162067],0,0,[38453.848],[783.5653],[1.4000002],[1.4000002],[0.],[10.]
394703,1/23/2025 12:00:00 AM,MIA,25.79325,-80.29056,[51.],[15.299667],[19.595499],[11.1455],[14.931885],[20.248905],[9.067625],[13.54911],[32.399998],[311.97168],[10.54],[1.6884416],0,0,[39015.516],[24185.549],[0.5],[0.5],[0.],[4.]
395094,1/23/2025 12:00:00 AM,MLB,28.10275,-80.64581,[53.],[11.445583],[13.2935],[8.4435],[8.887233],[11.192939],[4.5844297],[20.539728],[43.199997],[324.3527],[4.71],[0.83691734],0,0,[38529.363],[7598.3877],[3.4999998],[3.4999998],[0.],[13.]
396793,1/23/2025 12:00:00 AM,PBI,26.68316,-80.09559,[53.],[16.471586],[18.9195],[11.2195],[16.585272],[21.060547],[8.556746],[17.065859],[40.32],[317.49838],[5.26],[0.9585185],0,0,[38826.45],[423.32935],[4.5],[4.5],[0.],[10.]
398005,1/23/2025 12:00:00 AM,PNS,30.47331,-87.18744,[3.],[-2.1684165],[4.4545],[-7.1955],[-5.8946404],[1.1330023],[-11.274727],[7.555712],[15.119999],[345.00485],[17.1],[1.659572],0,0,[38008.34],[34980.133],[0.],[0.],[0.],[0.]
398491,1/23/2025 12:00:00 AM,RSW,26.53617,-81.75517,[55.],[9.661168],[10.919499],[8.4695],[7.3365493],[8.59067],[5.933977],[15.501959],[32.399998],[342.65887],[3.63],[0.6641374],0,0,[38855.734],[0.],[3.3999999],[3.3999999],[0.],[13.]
400774,1/23/2025 12:00:00 AM,SRQ,27.39533,-82.55411,[53.],[8.891666],[10.5],[7.5],[5.0903454],[6.8086166],[3.0671396],[27.359999],[37.8],[354.13428],[3.72],[0.7899672],0,0,[38678.88],[0.],[2.3999996],[2.3999996],[0.],[11.]
401061,1/23/2025 12:00:00 AM,TLH,30.39653,-84.35033,[3.],[-1.6929159],[4.63],[-6.3199997],[-5.533795],[0.82246304],[-10.206705],[12.267762],[30.239998],[354.4183],[16.19],[1.4701769],0,0,[38020.97],[34879.613],[0.],[0.],[0.],[0.]
401085,1/23/2025 12:00:00 AM,TPA,27.97547,-82.53325,[51.],[6.94325],[9.237],[4.687],[3.5886695],[6.3146915],[0.96155643],[16.794106],[41.399998],[346.508],[4.42],[0.8092838],0,0,[38559.43],[1560.3092],[0.6],[0.6],[0.],[3.]
401448,1/23/2025 12:00:00 AM,VPS,30.48325,-86.5254,[3.],[-1.52675],[4.6545],[-6.0955],[-5.2608614],[1.2452793],[-10.145927],[8.790563],[19.08],[0.6295844],[16.75],[1.6064969],0,0,[38008.34],[33332.633],[0.],[0.],[0.],[0.]
405190,1/24/2025 12:00:00 AM,DAB,29.17992,-81.05806,[3.],[7.7106667],[12.606501],[4.1064997],[3.6157713],[8.343966],[-0.40155196],[15.503006],[36.36],[327.11722],[15.22],[2.670136],0,0,[38358.234],[30693.234],[0.],[0.],[0.],[0.]
408276,1/24/2025 12:00:00 AM,EYW,24.55611,-81.75956,[3.],[16.565084],[17.263],[15.912999],[12.883874],[13.894478],[11.237244],[36.235477],[51.839996],[344.49704],[7.16],[2.2855463],0,0,[39317.062],[5748.0425],[0.],[0.],[0.],[0.]
408374,1/24/2025 12:00:00 AM,FLL,26.07258,-80.15275,[3.],[12.003334],[14.6825],[9.5825],[9.547418],[12.388599],[6.968542],[16.836496],[36.719997],[310.09216],[7.75],[1.5007888],0,0,[39020.61],[6220.517],[0.],[0.],[0.],[0.]
408755,1/24/2025 12:00:00 AM,GNV,29.69006,-82.27178,[3.],[4.808334],[11.55],[-1.2],[0.35414407],[7.457817],[-5.8466372],[14.028457],[33.839996],[341.7914],[15.37],[2.5616434],0,0,[38251.49],[29431.07],[0.],[0.],[0.],[0.]
410005,1/24/2025 12:00:00 AM,JAX,30.49406,-81.68786,[3.],[3.5789163],[10.4935],[-1.8065],[-0.63097495],[6.20872],[-6.4876246],[15.659999],[35.28],[325.96426],[14.76],[2.156867],0,0,[38081.527],[29239.535],[0.],[0.],[0.],[0.]
412180,1/24/2025 12:00:00 AM,MCO,28.42889,-81.31603,[51.],[8.071334],[13.063],[5.213],[4.1371446],[9.09175],[0.805243],[17.311846],[37.8],[336.6401],[14.34],[2.5346313],0,0,[38523.86],[27240.23],[0.1],[0.1],[0.],[1.]
412886,1/24/2025 12:00:00 AM,MIA,25.79325,-80.29056,[51.],[11.808],[14.0955],[9.5955],[9.678448],[12.2531395],[7.2072697],[14.33234],[32.760002],[318.03143],[7.19],[1.3216842],0,0,[39077.652],[4247.157],[0.4],[0.4],[0.],[3.]
414982,1/24/2025 12:00:00 AM,PBI,26.68316,-80.09559,[3.],[12.0424185],[15.5195],[9.1195],[9.122343],[13.13209],[5.842987],[19.966211],[43.199997],[310.29163],[10.97],[1.9977604],0,0,[38891.223],[20673.91],[0.],[0.],[0.],[0.]
416180,1/24/2025 12:00:00 AM,PNS,30.47331,-87.18744,[3.],[0.6586669],[6.8545003],[-5.0955],[-2.8874452],[3.9879122],[-9.126547],[11.052058],[20.16],[310.34073],[14.1],[1.6357641],0,0,[38084.734],[24516.242],[0.],[0.],[0.],[0.]
416634,1/24/2025 12:00:00 AM,RSW,26.53617,-81.75517,[3.],[10.165333],[15.2695],[7.7695],[7.221422],[12.548273],[4.1382732],[13.767352],[27.359999],[344.19284],[11.55],[2.1133611],0,0,[38920.1],[23407.654],[0.],[0.],[0.],[0.]
418917,1/24/2025 12:00:00 AM,SRQ,27.39533,-82.55411,[3.],[9.452083],[11.7],[6.75],[5.3377037],[6.422681],[2.0871906],[25.639734],[36.719997],[357.0013],[16.74],[2.5831888],0,0,[38745.727],[34868.32],[0.],[0.],[0.],[0.]
419196,1/24/2025 12:00:00 AM,TLH,30.39653,-84.35033,[3.],[0.5487501],[5.28],[-3.4699998],[-3.09099],[1.823914],[-7.580655],[9.194106],[19.8],[339.16794],[10.4],[1.1650791],0,0,[38097.094],[24135.518],[0.],[0.],[0.],[0.]
419218,1/24/2025 12:00:00 AM,TPA,27.97547,-82.53325,[3.],[8.114083],[12.087001],[3.587],[4.2832346],[8.1973],[-1.3723018],[17.640919],[39.6],[351.2539],[16.97],[2.601105],0,0,[38627.953],[34941.797],[0.],[0.],[0.],[0.]
419595,1/24/2025 12:00:00 AM,VPS,30.48325,-86.5254,[3.],[0.5774166],[6.4545],[-4.7955],[-3.0747254],[3.495984],[-8.795965],[11.666721],[20.880001],[323.4001],[12.49],[1.4595691],0,0,[38084.734],[22363.96],[0.],[0.],[0.],[0.]
422615,1/25/2025 12:00:00 AM,DAB,29.17992,-81.05806,[0.],[8.516917],[14.5565],[3.9565],[5.243153],[12.083429],[-0.27533245],[15.606114],[36.],[340.7828],[16.46],[2.4561],0,0,[38431.71],[35211.715],[0.],[0.],[0.],[0.]
425206,1/25/2025 12:00:00 AM,EYW,24.55611,-81.75956,[2.],[16.963],[20.063],[14.662999],[12.390489],[16.926167],[8.111696],[45.14269],[62.279995],[30.07308],[18.13],[3.9778237],0,0,[39376.715],[36549.758],[0.],[0.],[0.],[0.]
425291,1/25/2025 12:00:00 AM,FLL,26.07258,-80.15275,[3.],[14.5824995],[20.332499],[8.4825],[11.927936],[18.597725],[4.9140205],[19.41081],[46.44],[9.140314],[16.71],[3.35627],0,0,[39084.516],[36216.6],[0.],[0.],[0.],[0.]
426726,1/25/2025 12:00:00 AM,JAX,30.49406,-81.68786,[0.],[4.564333],[12.0935],[-2.0565],[1.4381086],[9.5822525],[-5.9870987],[7.4520864],[17.64],[8.092604],[16.32],[2.124369],0,0,[38159.03],[34767.992],[0.],[0.],[0.],[0.]
428441,1/25/2025 12:00:00 AM,MCO,28.42889,-81.31603,[2.],[9.160916],[17.813],[3.513],[5.9431863],[15.714468],[-0.62547636],[13.878688],[30.960001],[9.140191],[16.68],[2.7181163],0,0,[38594.93],[35460.637],[0.],[0.],[0.],[0.]
429064,1/25/2025 12:00:00 AM,MIA,25.79325,-80.29056,[3.],[14.201751],[20.3955],[8.5455],[12.152298],[19.382952],[5.342162],[16.092644],[38.16],[6.295868],[17.61],[3.161978],0,0,[39140.74],[36280.895],[0.],[0.],[0.],[0.]
430858,1/25/2025 12:00:00 AM,PBI,26.68316,-80.09559,[3.],[15.379918],[20.0195],[9.919499],[12.794514],[17.564528],[6.8688745],[20.768755],[46.079998],[16.852936],[14.08],[3.167534],0,0,[38956.996],[33044.535],[0.],[0.],[0.],[0.]
431820,1/25/2025 12:00:00 AM,PNS,30.47331,-87.18744,[3.],[4.6524167],[11.304501],[-1.8955001],[1.2917353],[8.6834545],[-6.0820007],[10.583326],[24.84],[48.457245],[16.23],[2.1192312],0,0,[38162.285],[35146.668],[0.],[0.],[0.],[0.]
432241,1/25/2025 12:00:00 AM,RSW,26.53617,-81.75517,[3.],[10.888249],[19.2695],[3.6695],[7.851347],[16.931297],[-0.45302677],[14.628807],[33.12],[27.734438],[17.7],[3.1116982],0,0,[38985.457],[36103.105],[0.],[0.],[0.],[0.]
434071,1/25/2025 12:00:00 AM,SRQ,27.39533,-82.55411,[3.],[10.166667],[15.95],[4.5],[6.871489],[14.116915],[-0.17989922],[17.640919],[27.72],[30.655396],[17.46],[2.8002284],0,0,[38813.59],[35639.95],[0.],[0.],[0.],[0.]
434311,1/25/2025 12:00:00 AM,TLH,30.39653,-84.35033,[0.],[4.240417],[12.43],[-2.2199998],[1.2013756],[10.302879],[-5.8014717],[10.435344],[17.28],[42.675613],[16.41],[2.129261],0,0,[38174.37],[34991.008],[0.],[0.],[0.],[0.]
434331,1/25/2025 12:00:00 AM,TPA,27.97547,-82.53325,[3.],[8.845332],[16.387],[2.737],[5.5397506],[14.201815],[-1.7323747],[13.379461],[29.88],[30.545265],[17.32],[2.8000567],0,0,[38697.52],[35460.91],[0.],[0.],[0.],[0.]
434646,1/25/2025 12:00:00 AM,VPS,30.48325,-86.5254,[3.],[5.046167],[11.9545],[-1.8455],[1.416628],[9.357119],[-6.2275505],[13.433838],[24.84],[58.304245],[15.85],[2.2957983],0,0,[38162.285],[35146.67],[0.],[0.],[0.],[0.]
441624,1/26/2025 12:00:00 AM,EYW,24.55611,-81.75956,[3.],[19.379667],[20.813],[18.163],[17.599611],[19.064686],[16.476517],[34.29366],[43.56],[49.561726],[17.48],[3.0808964],0,0,[39437.207],[35715.125],[0.],[0.],[0.],[0.]
441725,1/26/2025 12:00:00 AM,FLL,26.07258,-80.15275,[3.],[18.988749],[21.832499],[16.082499],[18.4202],[21.951973],[15.804501],[14.128566],[35.64],[49.995525],[11.86],[2.6694608],0,0,[39149.305],[30087.898],[0.],[0.],[0.],[0.]
442118,1/26/2025 12:00:00 AM,GNV,29.69006,-82.27178,[2.],[10.258334],[18.95],[3.2],[8.00016],[18.38752],[-0.34519982],[12.108261],[20.519999],[41.26955],[16.22],[2.5607202],0,0,[38402.574],[34920.734],[0.],[0.],[0.],[0.]
443382,1/26/2025 12:00:00 AM,JAX,30.49406,-81.68786,[3.],[8.4185],[17.543499],[2.3435],[6.0248847],[15.961796],[-1.0531006],[10.259999],[20.519999],[3.9181564],[15.89],[2.325639],0,0,[38237.598],[34757.453],[0.],[0.],[0.],[0.]
445606,1/26/2025 12:00:00 AM,MCO,28.42889,-81.31603,[3.],[12.488],[21.263],[6.813],[10.831378],[20.353876],[4.3521433],[13.672893],[27.],[26.564972],[15.69],[2.5754647],0,0,[38666.984],[35429.37],[0.],[0.],[0.],[0.]
446348,1/26/2025 12:00:00 AM,MIA,25.79325,-80.29056,[3.],[18.130919],[22.4955],[14.7455],[17.917088],[23.06722],[13.890463],[14.009968],[34.56],[27.55054],[14.43],[2.6755092],0,0,[39204.703],[32388.754],[0.],[0.],[0.],[0.]
446747,1/26/2025 12:00:00 AM,MLB,28.10275,-80.64581,[3.],[13.901832],[18.9435],[9.3435],[12.459236],[18.500404],[6.924055],[16.685717],[37.44],[354.15555],[15.56],[2.3549292],0,0,[38739.27],[35473.746],[0.],[0.],[0.],[0.]
448477,1/26/2025 12:00:00 AM,PBI,26.68316,-80.09559,[3.],[19.261168],[21.3195],[17.5695],[18.1617],[20.560453],[16.05798],[16.42346],[32.039997],[66.54158],[12.],[3.017337],0,0,[39023.676],[31724.428],[0.],[0.],[0.],[0.]
449724,1/26/2025 12:00:00 AM,PNS,30.47331,-87.18744,[3.],[11.544083],[15.804501],[5.8045],[9.413575],[13.756237],[3.0321054],[13.748513],[31.319998],[116.28651],[12.82],[2.0393143],0,0,[38240.89],[34482.44],[0.],[0.],[0.],[0.]
450225,1/26/2025 12:00:00 AM,RSW,26.53617,-81.75517,[3.],[15.304919],[22.1695],[9.669499],[14.049034],[21.843075],[7.840214],[12.5807],[30.239998],[48.07616],[17.11],[3.0393267],0,0,[39051.715],[35882.785],[0.],[0.],[0.],[0.]
452586,1/26/2025 12:00:00 AM,SRQ,27.39533,-82.55411,[3.],[13.702085],[18.3],[9.5],[12.160167],[17.833828],[7.1025715],[13.288341],[19.44],[57.75171],[16.65],[2.5622196],0,0,[38882.402],[34968.61],[0.],[0.],[0.],[0.]
452883,1/26/2025 12:00:00 AM,TLH,30.39653,-84.35033,[3.],[6.9320836],[17.63],[-1.42],[4.2471857],[15.697659],[-4.7206655],[7.570707],[17.64],[54.42201],[15.75],[2.3513272],0,0,[38252.707],[35045.984],[0.],[0.],[0.],[0.]
452909,1/26/2025 12:00:00 AM,TPA,27.97547,-82.53325,[3.],[13.262],[20.137],[7.287],[11.582849],[20.098154],[4.502557],[12.061341],[27.359999],[57.95536],[16.86],[2.772147],0,0,[38768.047],[35360.656],[0.],[0.],[0.],[0.]
453301,1/26/2025 12:00:00 AM,VPS,30.48325,-86.5254,[3.],[11.471166],[15.6045],[7.4545],[9.125757],[13.689177],[4.0912104],[14.410121],[27.359999],[118.07809],[15.17],[2.427979],0,0,[38240.89],[35231.543],[0.],[0.],[0.],[0.]
460053,1/27/2025 12:00:00 AM,EYW,24.55611,-81.75956,[3.],[19.744251],[20.663],[18.763],[19.584917],[21.713892],[17.677246],[28.406372],[35.64],[51.60842],[15.2],[2.574839],0,0,[39498.668],[35417.69],[0.],[0.],[0.],[0.]
460153,1/27/2025 12:00:00 AM,FLL,26.07258,-80.15275,[3.],[20.07625],[23.682499],[17.4825],[20.59529],[25.56177],[17.73699],[13.229694],[29.16],[76.21285],[15.7],[3.0369666],0,0,[39215.145],[36357.945],[0.],[0.],[0.],[0.]
460531,1/27/2025 12:00:00 AM,GNV,29.69006,-82.27178,[3.],[13.160416],[21.5],[6.25],[11.740499],[20.606207],[4.30459],[12.688404],[28.8],[201.15878],[15.09],[2.6442482],0,0,[38479.844],[34835.098],[0.],[0.],[0.],[0.]
461771,1/27/2025 12:00:00 AM,JAX,30.49406,-81.68786,[3.],[12.751832],[20.6435],[5.8935003],[11.464898],[19.438019],[3.9870882],[13.584932],[25.56],[226.18517],[11.73],[2.106821],0,0,[38317.41],[29100.803],[0.],[0.],[0.],[0.]
463939,1/27/2025 12:00:00 AM,MCO,28.42889,-81.31603,[3.],[14.775501],[21.763],[8.613],[14.328158],[22.063055],[7.5685444],[11.157096],[20.16],[277.46506],[16.37],[2.736344],0,0,[38740.19],[35395.3],[0.],[0.],[0.],[0.]
464644,1/27/2025 12:00:00 AM,MIA,25.79325,-80.29056,[3.],[19.633001],[24.3955],[15.945499],[20.447733],[26.074993],[16.103802],[9.278297],[21.599998],[64.808266],[12.91],[2.4893272],0,0,[39269.69],[32095.059],[0.],[0.],[0.],[0.]
465028,1/27/2025 12:00:00 AM,MLB,28.10275,-80.64581,[3.],[15.672666],[21.293499],[10.7935],[15.480724],[22.722347],[10.179528],[13.948548],[29.519999],[71.97524],[15.18],[2.510119],0,0,[38811.367],[35531.34],[0.],[0.],[0.],[0.]
466730,1/27/2025 12:00:00 AM,PBI,26.68316,-80.09559,[3.],[19.621586],[23.3195],[16.119501],[19.797401],[24.894323],[16.023691],[15.359179],[29.519999],[101.77408],[15.76],[3.0236468],0,0,[39091.426],[35960.37],[0.],[0.],[0.],[0.]
468380,1/27/2025 12:00:00 AM,RSW,26.53617,-81.75517,[2.],[16.332],[23.619501],[10.0695],[16.18675],[24.594654],[9.100845],[10.914888],[19.44],[29.27899],[17.47],[2.9968047],0,0,[39119.04],[36135.133],[0.],[0.],[0.],[0.]
470650,1/27/2025 12:00:00 AM,SRQ,27.39533,-82.55411,[2.],[14.397915],[16.9],[11.95],[13.659626],[17.917416],[10.903983],[13.86],[16.919998],[65.76406],[17.27],[2.503857],0,0,[38952.31],[35672.637],[0.],[0.],[0.],[0.]
470987,1/27/2025 12:00:00 AM,TPA,27.97547,-82.53325,[2.],[15.145331],[21.337],[9.687],[14.709607],[21.942703],[8.4047165],[9.47012],[21.96],[125.05951],[16.82],[2.783405],0,0,[38839.707],[35497.39],[0.],[0.],[0.],[0.]
471302,1/27/2025 12:00:00 AM,VPS,30.48325,-86.5254,[63.],[15.51075],[20.1045],[12.0045],[15.026295],[18.934196],[11.111625],[18.34411],[43.56],[214.2128],[6.08],[1.1926494],0,0,[38320.777],[8241.308],[3.6999996],[3.6999996],[0.],[5.]
477392,1/28/2025 12:00:00 AM,EYW,24.55611,-81.75956,[2.],[18.579668],[19.063],[18.263],[18.627169],[19.531464],[17.717222],[18.36794],[24.84],[12.27772],[18.18],[2.780757],0,0,[39561.71],[36750.2],[0.],[0.],[0.],[0.]
477492,1/28/2025 12:00:00 AM,FLL,26.07258,-80.15275,[3.],[18.549168],[23.6325],[13.4825],[19.311062],[24.900856],[12.990082],[10.055864],[22.319998],[325.84024],[17.68],[3.0084395],0,0,[39282.67],[36430.99],[0.],[0.],[0.],[0.]
478885,1/28/2025 12:00:00 AM,JAX,30.49406,-81.68786,[51.],[13.681],[18.3435],[10.3435],[11.803554],[15.620699],[7.748747],[13.878688],[30.960001],[279.99536],[13.72],[2.3567183],0,0,[38399.258],[28582.36],[0.1],[0.1],[0.],[1.]
480839,1/28/2025 12:00:00 AM,MCO,28.42889,-81.31603,[3.],[16.13175],[22.513],[11.813],[15.695523],[22.68384],[10.725471],[14.628807],[33.839996],[285.1796],[14.39],[2.4737735],0,0,[38815.27],[32328.943],[0.],[0.],[0.],[0.]
481449,1/28/2025 12:00:00 AM,MIA,25.79325,-80.29056,[3.],[18.626749],[24.4955],[12.9955],[19.371542],[25.492844],[12.525238],[8.748075],[22.68],[330.59668],[17.87],[3.0711513],0,0,[39336.36],[36492.586],[0.],[0.],[0.],[0.]
481800,1/28/2025 12:00:00 AM,MLB,28.10275,-80.64581,[3.],[16.647665],[23.0935],[11.7435],[16.382067],[22.825855],[10.214232],[14.668619],[33.48],[282.3043],[15.44],[2.665663],0,0,[38885.316],[34162.98],[0.],[0.],[0.],[0.]
483311,1/28/2025 12:00:00 AM,PBI,26.68316,-80.09559,[3.],[18.9695],[24.119501],[13.7195],[19.189249],[24.803356],[12.685829],[10.739832],[28.44],[312.79233],[17.09],[3.1214375],0,0,[39160.918],[35177.137],[0.],[0.],[0.],[0.]
484294,1/28/2025 12:00:00 AM,PNS,30.47331,-87.18744,[3.],[10.76075],[15.054501],[6.8045],[9.316701],[14.235758],[4.7593117],[9.676569],[19.44],[358.27917],[12.43],[1.7694279],0,0,[38402.71],[35406.254],[0.],[0.],[0.],[0.]
484719,1/28/2025 12:00:00 AM,RSW,26.53617,-81.75517,[3.],[16.917418],[25.219501],[10.6195],[16.913729],[25.9474],[9.445162],[9.096681],[22.68],[335.40424],[16.89],[3.0060947],0,0,[39188.09],[36192.875],[0.],[0.],[0.],[0.]
486659,1/28/2025 12:00:00 AM,SRQ,27.39533,-82.55411,[3.],[14.927082],[16.45],[13.95],[14.783366],[17.078337],[13.323109],[11.975074],[14.04],[288.49512],[14.68],[2.0073352],0,0,[39024.008],[34707.125],[0.],[0.],[0.],[0.]
486899,1/28/2025 12:00:00 AM,TLH,30.39653,-84.35033,[51.],[12.357082],[17.929998],[7.73],[11.010203],[16.074274],[6.3915625],[13.31635],[25.56],[315.97293],[13.24],[2.0569563],0,0,[38413.89],[31226.068],[0.2],[0.2],[0.],[1.]
486922,1/28/2025 12:00:00 AM,TPA,27.97547,-82.53325,[51.],[16.097418],[22.187],[12.687],[15.923379],[22.077532],[12.081526],[15.659999],[36.719997],[288.10605],[13.24],[2.231729],0,0,[38913.195],[35244.094],[0.3],[0.3],[0.],[2.]
487234,1/28/2025 12:00:00 AM,VPS,30.48325,-86.5254,[3.],[10.850333],[15.5045],[6.5045004],[9.413978],[14.333002],[4.2690687],[12.304682],[23.759998],[342.20758],[12.06],[1.7411008],0,0,[38402.71],[33938.55],[0.],[0.],[0.],[0.]
493517,1/29/2025 12:00:00 AM,FLL,26.07258,-80.15275,[3.],[19.076252],[24.4825],[14.382501],[20.275114],[27.313662],[14.373938],[8.55142],[18.359999],[302.61923],[17.59],[3.0391045],0,0,[39351.85],[36505.73],[0.],[0.],[0.],[0.]
494952,1/29/2025 12:00:00 AM,JAX,30.49406,-81.68786,[3.],[13.310166],[21.6935],[6.5935],[11.282315],[19.75656],[3.7842436],[12.882267],[28.8],[266.2558],[15.89],[2.8434741],0,0,[38483.086],[34701.203],[0.],[0.],[0.],[0.]
496900,1/29/2025 12:00:00 AM,MCO,28.42889,-81.31603,[3.],[14.998417],[21.813],[9.863],[14.246281],[21.465424],[8.177641],[13.767352],[30.599998],[283.15045],[13.05],[2.2345412],0,0,[38892.176],[23892.729],[0.],[0.],[0.],[0.]
497540,1/29/2025 12:00:00 AM,MIA,25.79325,-80.29056,[3.],[19.510082],[26.1955],[13.4955],[20.420086],[28.545002],[13.629503],[8.12197],[19.08],[317.87552],[17.7],[3.228334],0,0,[39404.652],[36566.395],[0.],[0.],[0.],[0.]
497898,1/29/2025 12:00:00 AM,MLB,28.10275,-80.64581,[3.],[15.855999],[21.1935],[10.6935],[15.1861315],[20.96683],[8.743157],[14.57889],[32.399998],[276.93826],[14.38],[2.3394983],0,0,[38961.055],[34640.61],[0.],[0.],[0.],[0.]
499450,1/29/2025 12:00:00 AM,PBI,26.68316,-80.09559,[3.],[19.404917],[25.0195],[14.419499],[19.834675],[26.294964],[14.036533],[9.885262],[24.119999],[303.48376],[16.54],[2.9682055],0,0,[39232.1],[35437.55],[0.],[0.],[0.],[0.]
500435,1/29/2025 12:00:00 AM,PNS,30.47331,-87.18744,[3.],[13.631584],[19.7545],[9.054501],[13.152242],[21.054289],[7.271799],[9.335737],[20.16],[250.44984],[13.44],[2.151127],0,0,[38486.62],[29667.855],[0.],[0.],[0.],[0.]
500861,1/29/2025 12:00:00 AM,RSW,26.53617,-81.75517,[3.],[17.698668],[24.2695],[12.0695],[18.526361],[26.07894],[11.687884],[7.7983837],[21.96],[344.75238],[16.93],[2.8454797],0,0,[39258.83],[35745.508],[0.],[0.],[0.],[0.]
502841,1/29/2025 12:00:00 AM,SRQ,27.39533,-82.55411,[3.],[14.402083],[16.4],[12.65],[14.4542],[17.116823],[11.98978],[11.453715],[13.32],[322.43643],[11.87],[1.6894112],0,0,[39097.453],[30869.264],[0.],[0.],[0.],[0.]
503087,1/29/2025 12:00:00 AM,TLH,30.39653,-84.35033,[3.],[13.302917],[22.179998],[6.6800003],[12.215889],[21.877625],[4.6444826],[9.],[21.96],[278.40878],[15.42],[2.5827117],0,0,[38497.477],[35210.965],[0.],[0.],[0.],[0.]
503104,1/29/2025 12:00:00 AM,TPA,27.97547,-82.53325,[3.],[15.768249],[22.036999],[10.437],[15.662529],[21.875433],[9.650021],[11.638917],[29.519999],[310.8523],[13.52],[2.40821],0,0,[38988.477],[27844.166],[0.],[0.],[0.],[0.]
503416,1/29/2025 12:00:00 AM,VPS,30.48325,-86.5254,[3.],[13.496167],[20.2545],[8.304501],[12.8356695],[20.894236],[6.6167097],[9.807935],[23.039999],[271.9879],[13.47],[2.189109],0,0,[38486.62],[31327.111],[0.],[0.],[0.],[0.]
510269,1/30/2025 12:00:00 AM,EYW,24.55611,-81.75956,[3.],[20.871332],[22.063],[19.313],[21.329473],[23.42658],[19.798912],[25.44375],[31.319998],[84.92581],[18.24],[2.9580293],0,0,[39692.332],[36891.46],[0.],[0.],[0.],[0.]
510374,1/30/2025 12:00:00 AM,FLL,26.07258,-80.15275,[3.],[19.905416],[24.682499],[14.3325],[21.009113],[26.397413],[14.721853],[13.213764],[31.319998],[100.444534],[17.],[3.1920054],0,0,[39422.58],[35496.188],[0.],[0.],[0.],[0.]
510753,1/30/2025 12:00:00 AM,GNV,29.69006,-82.27178,[3.],[15.047917],[23.7],[7.15],[13.796977],[22.058296],[5.6047077],[11.638917],[26.64],[100.71602],[16.19],[3.0450974],0,0,[38723.215],[35152.098],[0.],[0.],[0.],[0.]
512028,1/30/2025 12:00:00 AM,JAX,30.49406,-81.68786,[3.],[13.545583],[19.4935],[6.8935003],[12.425151],[18.338482],[5.3347845],[11.190442],[25.56],[91.89121],[15.96],[2.5299368],0,0,[38568.773],[34755.516],[0.],[0.],[0.],[0.]
514195,1/30/2025 12:00:00 AM,MCO,28.42889,-81.31603,[3.],[16.875502],[24.663],[10.712999],[16.573975],[24.611042],[9.409433],[11.7],[25.56],[75.75373],[16.78],[3.00219],0,0,[38970.793],[35964.723],[0.],[0.],[0.],[0.]
514895,1/30/2025 12:00:00 AM,MIA,25.79325,-80.29056,[3.],[20.178835],[26.0455],[13.5955],[21.331377],[27.53027],[13.914793],[12.641076],[33.12],[101.01927],[17.02],[3.2684062],0,0,[39474.473],[36158.184],[0.],[0.],[0.],[0.]
515281,1/30/2025 12:00:00 AM,MLB,28.10275,-80.64581,[3.],[17.060167],[21.4435],[12.5435],[17.318514],[23.353045],[11.31901],[10.874742],[27.72],[34.08769],[16.78],[2.6476645],0,0,[39038.49],[36137.47],[0.],[0.],[0.],[0.]
516978,1/30/2025 12:00:00 AM,PBI,26.68316,-80.09559,[3.],[20.346582],[25.219501],[15.5195],[20.906242],[26.476511],[15.48056],[14.120539],[36.36],[106.24772],[17.28],[3.3731723],0,0,[39304.88],[36446.32],[0.],[0.],[0.],[0.]
518187,1/30/2025 12:00:00 AM,PNS,30.47331,-87.18744,[3.],[16.817],[19.3545],[13.7045],[16.90103],[19.54684],[14.228495],[20.111729],[44.28],[132.74911],[11.57],[1.5609692],0,0,[38572.387],[35589.055],[0.],[0.],[0.],[0.]
518661,1/30/2025 12:00:00 AM,RSW,26.53617,-81.75517,[3.],[18.502834],[26.5695],[12.7695],[19.117952],[27.162714],[12.20554],[10.51576],[26.64],[74.252945],[17.48],[3.180079],0,0,[39331.15],[36206.688],[0.],[0.],[0.],[0.]
520935,1/30/2025 12:00:00 AM,SRQ,27.39533,-82.55411,[3.],[15.243752],[21.],[11.55],[15.129642],[22.038656],[10.430565],[12.992458],[15.84],[53.795788],[16.62],[2.5442066],0,0,[39172.543],[33391.086],[0.],[0.],[0.],[0.]
521224,1/30/2025 12:00:00 AM,TLH,30.39653,-84.35033,[3.],[14.28],[23.38],[8.33],[13.444355],[23.421757],[7.2057295],[14.05845],[31.68],[145.34985],[15.33],[2.7104068],0,0,[38582.92],[35266.266],[0.],[0.],[0.],[0.]
521273,1/30/2025 12:00:00 AM,TPA,27.97547,-82.53325,[3.],[17.634916],[25.637],[11.187],[17.519724],[25.270866],[10.342903],[11.402683],[30.599998],[87.03911],[16.27],[3.1560242],0,0,[39065.44],[32861.777],[0.],[0.],[0.],[0.]
521609,1/30/2025 12:00:00 AM,VPS,30.48325,-86.5254,[3.],[15.546165],[18.8545],[12.3545],[15.258956],[19.049665],[12.039383],[17.460928],[39.6],[126.1167],[14.28],[2.0627682],0,0,[38572.387],[32015.486],[0.],[0.],[0.],[0.]
528408,1/31/2025 12:00:00 AM,EYW,24.55611,-81.75956,[1.],[22.319252],[22.913],[21.813],[23.153196],[24.720066],[21.801811],[25.950605],[31.68],[122.98262],[18.32],[3.027114],0,0,[39759.73],[36964.215],[0.],[0.],[0.],[0.]
528499,1/31/2025 12:00:00 AM,FLL,26.07258,-80.15275,[3.],[23.111666],[25.832499],[21.0325],[24.062616],[26.631323],[21.719467],[19.770523],[47.16],[144.20425],[16.81],[3.6223025],0,0,[39494.75],[36659.848],[0.],[0.],[0.],[0.]
530128,1/31/2025 12:00:00 AM,JAX,30.49406,-81.68786,[3.],[18.635168],[25.7435],[14.0435],[18.160627],[25.412508],[13.476364],[19.513195],[38.519997],[190.35767],[15.79],[3.1437593],0,0,[38656.203],[34977.484],[0.],[0.],[0.],[0.]
532279,1/31/2025 12:00:00 AM,MCO,28.42889,-81.31603,[3.],[19.985918],[26.213001],[15.563],[20.83969],[27.405285],[15.722691],[13.698934],[32.039997],[174.74834],[16.87],[3.0754538],0,0,[39051.02],[36029.71],[0.],[0.],[0.],[0.]
533011,1/31/2025 12:00:00 AM,MIA,25.79325,-80.29056,[3.],[23.033003],[26.2455],[20.2955],[24.5412],[27.435705],[21.964088],[17.935986],[44.28],[137.08656],[17.1],[3.4569967],0,0,[39545.73],[36718.58],[0.],[0.],[0.],[0.]
533401,1/31/2025 12:00:00 AM,MLB,28.10275,-80.64581,[3.],[20.73725],[26.293499],[16.6935],[21.816446],[28.581741],[16.935867],[14.174356],[33.839996],[163.4033],[16.8],[3.1479099],0,0,[39117.504],[36222.508],[0.],[0.],[0.],[0.]
535091,1/31/2025 12:00:00 AM,PBI,26.68316,-80.09559,[3.],[23.07575],[26.0195],[21.0195],[23.627253],[26.142689],[21.790817],[22.226902],[52.56],[153.5829],[16.27],[3.6927953],0,0,[39379.145],[36526.324],[0.],[0.],[0.],[0.]
536267,1/31/2025 12:00:00 AM,PNS,30.47331,-87.18744,[63.],[17.760748],[22.3545],[13.2545],[17.161783],[22.824688],[11.09724],[22.945587],[52.56],[205.96602],[9.74],[1.8137205],0,0,[38659.887],[32083.148],[7.6999993],[7.6999993],[0.],[4.]
536745,1/31/2025 12:00:00 AM,RSW,26.53617,-81.75517,[3.],[20.575748],[27.4195],[16.119501],[21.958168],[29.988579],[16.67721],[13.529966],[30.599998],[161.01929],[17.49],[3.2531807],0,0,[39404.945],[36470.957],[0.],[0.],[0.],[0.]
539018,1/31/2025 12:00:00 AM,SRQ,27.39533,-82.55411,[3.],[17.158335],[19.1],[15.55],[17.094687],[19.67517],[14.759554],[20.431387],[24.119999],[164.904],[17.29],[2.3360596],0,0,[39249.164],[35991.035],[0.],[0.],[0.],[0.]
539288,1/31/2025 12:00:00 AM,TLH,30.39653,-84.35033,[61.],[18.007084],[24.83],[12.93],[17.83943],[25.007488],[11.809248],[21.072304],[47.16],[183.54382],[13.94],[2.5202544],0,0,[38670.094],[27814.408],[2.8999999],[2.8999999],[0.],[4.]
539311,1/31/2025 12:00:00 AM,TPA,27.97547,-82.53325,[1.],[19.701584],[25.437],[15.787001],[20.1602],[26.70616],[15.598543],[18.832165],[43.199997],[172.70622],[17.07],[3.0906415],0,0,[39143.977],[35814.793],[0.],[0.],[0.],[0.]
539684,1/31/2025 12:00:00 AM,VPS,30.48325,-86.5254,[53.],[18.387833],[23.0045],[13.4045],[17.996603],[22.896954],[11.684661],[25.411257],[52.92],[200.629],[9.53],[1.756649],0,0,[38659.887],[23186.623],[1.7],[1.7],[0.],[4.]
